BASIC_entity_name,BASIC_year,ASSETAB_GOODWILLQUALITY,SURPLUSAB_REVENUESTRUCTURE,COSTAB_PERIODCOST,FINANCINGAB_HIGHCASHDEBT,REVENUEAB_SELLONCREDITRATIO,RPARTYAB_VARNISHOCCUPATION,INVESTMENTAB_ASSETDISPOSAL,ASSETAB_STOCK,REVENUEAB_SELLONCREDITQUALITY,CASHAB_LIMITEDCASH,INVESTMENTAB_CONSTRUCTIONINVEST,RINVESTAB_GOODWILLQUALITY,COSTAB_SHOPPINGCASH,CASHAB_DEPOSIT,RINVESTAB_COMBINEDPROFIT,FINANCINGAB_IDLEFUNDS,REVENUEAB_REVENUEGROWTH,REVENUEAB_TAXREVENUE,COSTAB_ACCRUALS,DILEMMAAB_FREECASHFLOW,ASSETAB_PREPAIDQUALITY,CASHAB_OPERATINGCASH,REVENUEAB_CASHREVENUE,RINVESTAB_GROUP,COSTAB_PREPAIDEXPENSES,DEBTAB_DEBTSTRUCTURE,ASSETAB_SOFTASSETS,COSTAB_ACCOUNTING,DILEMMAAB_NEGAREVENUE,SURPLUSAB_PROFITSTRUCTURE,REVENUEAB_COSTREVENUE,REVENUEAB_SELLINGEXPENSES,COSTAB_PROFITGROWTH,SURPLUSAB_ACCRUALS,RINVESTAB_SUBSIDIARYCASH,DILEMMAAB_OPCASH,RPARTYAB_VARNISHPROFIT,ASSETAB_LONGRECEIVABLES,INVESTMENTAB_INVESTSTRATEGY,FINANCINGAB_HIGHINTEREST,DEBTAB_FINANCINGSTRUCTURE
福建龙净环保股份有限公司,2021,0,0,0,0,0,0,0,0,0,1,0,1,1,2,1,0,0,0,0,0,0,0,1,0,0,0,1,1,0,0,0,0,0,0,2,0,0,0,0,0,1
江苏舜天股份有限公司,2014,0,0,0,0,0,0,0,0,0,1,0,0,0,0,0,0,0,0,0,0,0,0,0,0,0,0,0,0,0,1,0,0,0,1,0,0,0,0,0,0,0
江苏舜天股份有限公司,2015,0,0,0,0,0,0,0,0,0,0,0,0,0,0,0,0,0,0,0,0,1,0,0,0,0,0,0,1,0,0,0,0,0,0,0,0,0,0,0,0,0
江苏舜天股份有限公司,2016,0,0,0,0,0,0,0,0,0,0,0,0,1,0,0,0,0,0,1,0,1,0,0,0,0,0,1,1,0,0,0,0,0,0,0,0,0,0,0,0,1
江苏舜天股份有限公司,2017,0,0,0,0,2,0,0,0,0,0,0,0,1,0,0,0,0,1,0,0,1,1,0,0,0,0,1,0,0,1,0,0,0,1,0,0,0,0,0,0,0
江苏舜天股份有限公司,2018,0,0,0,0,1,0,0,0,0,0,0,0,0,0,0,0,0,0,1,0,1,0,0,0,0,0,1,2,0,0,0,0,0,0,0,0,0,0,0,0,0
江苏舜天股份有限公司,2019,0,0,0,0,2,1,0,0,1,0,0,0,0,0,0,0,0,1,0,0,0,0,0,0,0,1,0,1,0,0,0,0,2,0,0,0,1,0,0,0,1
江苏舜天股份有限公司,2020,0,0,0,0,0,0,0,0,0,0,0,0,1,2,0,0,0,0,1,0,0,0,0,0,0,1,0,1,0,0,0,0,0,0,0,0,0,0,0,0,1
江苏舜天股份有限公司,2021,0,0,0,0,0,0,0,0,0,0,0,0,1,0,2,0,0,0,0,0,0,0,0,0,0,1,1,0,0,0,0,0,0,0,2,0,0,0,0,0,1
西陇科学股份有限公司,2020,0,0,2,0,2,0,1,1,2,0,0,2,0,0,2,0,2,2,2,0,0,0,0,0,0,0,0,2,0,0,0,2,0,0,2,0,0,0,1,1,1
西陇科学股份有限公司,2021,0,0,0,0,0,0,0,0,0,0,0,2,0,1,0,0,0,1,2,0,0,0,0,0,0,0,0,0,0,1,0,0,2,0,2,0,2,0,0,0,1
瑞斯康达科技发展股份有限公司,2019,0,0,0,0,0,0,0,0,0,0,0,0,2,0,2,0,0,0,2,0,1,0,0,0,0,0,0,2,0,0,0,0,0,0,2,0,2,0,0,0,1
瑞斯康达科技发展股份有限公司,2020,0,0,0,0,2,0,0,0,0,0,0,0,0,1,0,0,0,0,0,0,0,0,0,0,0,0,0,0,0,0,2,0,0,0,2,0,1,0,0,0,1
浙江海盐力源环保科技股份有限公司,2021,0,0,0,0,2,0,0,1,2,0,2,0,2,0,2,0,0,2,0,0,0,1,2,0,0,1,1,2,0,2,0,0,0,2,2,0,0,0,2,0,1
陕西航天动力高科技股份有限公司,2016,0,0,0,0,0,0,0,0,1,0,0,0,0,0,0,0,0,0,0,0,0,0,0,0,0,0,0,1,0,0,0,0,0,0,0,0,0,0,0,0,0
陕西航天动力高科技股份有限公司,2017,0,0,0,0,0,0,0,0,1,0,0,0,0,0,0,0,0,0,0,0,0,0,1,0,0,0,0,0,0,1,0,0,0,0,0,0,0,0,0,0,0
陕西航天动力高科技股份有限公司,2018,0,0,0,0,0,0,0,0,1,0,0,0,0,0,0,0,0,0,0,0,0,0,1,0,0,0,0,0,0,0,0,0,0,0,0,0,0,0,0,0,0
陕西航天动力高科技股份有限公司,2019,0,0,0,0,0,0,0,0,0,0,0,0,0,0,0,0,0,0,0,0,0,0,0,0,0,0,0,1,0,0,0,0,0,0,0,0,0,0,0,0,0
陕西航天动力高科技股份有限公司,2020,0,0,0,0,0,0,0,0,0,0,0,0,0,0,0,0,0,0,0,0,0,0,0,0,0,0,0,1,0,0,0,0,0,0,0,0,0,0,0,0,0
起步股份有限公司,2018,0,0,0,0,2,1,0,0,0,0,2,0,0,0,0,0,0,0,0,0,0,0,2,0,0,0,1,0,0,0,0,0,0,0,2,0,1,0,0,0,1
起步股份有限公司,2019,0,0,0,0,2,2,0,0,0,0,0,0,2,1,2,0,0,0,0,0,0,0,2,0,2,0,1,0,0,0,0,0,0,0,2,0,2,0,0,0,1
起步股份有限公司,2020,0,0,0,0,2,1,0,0,0,0,0,0,2,1,0,0,0,2,0,1,1,0,2,0,0,0,1,2,0,0,0,0,0,0,2,1,0,0,2,0,1
远程电缆股份有限公司,2017,0,1,0,0,2,1,0,0,0,0,0,0,0,0,0,0,0,1,0,0,0,0,0,0,0,0,0,0,0,2,0,0,0,1,0,0,2,0,0,0,1
浙江卓锦环保科技股份有限公司,2021,0,0,0,0,2,0,0,0,2,0,0,0,0,2,0,0,0,0,1,1,0,2,2,0,0,0,0,1,0,0,0,0,0,1,0,0,0,0,0,0,1
江苏宏图高科技股份有限公司,2017,1,0,0,2,0,2,0,0,0,0,0,2,0,0,0,0,0,0,0,0,0,0,0,0,0,0,0,0,0,0,0,0,2,0,0,0,2,0,0,0,1
江苏宏图高科技股份有限公司,2018,0,0,0,0,2,0,0,1,2,2,0,0,2,2,0,0,0,2,0,0,1,2,2,0,0,0,0,2,0,0,0,0,0,1,2,0,1,0,0,0,1
江苏宏图高科技股份有限公司,2019,0,1,0,0,2,0,0,0,2,1,0,0,0,0,0,0,0,2,0,2,1,0,2,0,0,1,1,2,2,0,0,0,2,0,2,2,1,0,0,0,1
江苏宏图高科技股份有限公司,2020,0,0,0,0,1,2,0,0,0,1,0,0,0,1,0,2,0,0,2,0,1,0,0,0,0,0,0,2,2,2,1,0,2,0,2,0,2,0,0,2,1
江苏宏图高科技股份有限公司,2021,0,1,0,0,2,0,0,0,2,0,0,0,2,0,0,0,0,0,2,0,1,1,0,0,0,0,0,2,2,0,2,0,2,1,2,0,0,0,0,2,0
灵康药业集团股份有限公司,2021,0,0,0,0,0,0,0,0,0,0,2,0,0,1,0,0,0,0,0,0,0,0,0,0,0,0,0,0,0,0,0,0,0,1,2,0,0,0,2,0,1
美尚生态景观股份有限公司,2015,0,0,0,1,0,0,0,0,0,0,0,0,0,0,0,1,0,0,0,0,0,0,2,0,0,0,0,0,0,0,0,2,0,1,0,0,2,0,0,0,1
美尚生态景观股份有限公司,2016,1,0,0,0,2,1,0,1,0,0,2,1,1,0,1,0,2,2,0,1,0,1,2,1,0,0,0,0,0,0,2,2,0,1,0,1,1,0,2,0,1
美尚生态景观股份有限公司,2017,1,0,0,0,2,0,0,0,0,0,0,1,2,0,1,0,2,2,2,1,0,1,2,0,0,0,0,0,0,0,0,2,0,0,0,1,0,0,1,0,1
美尚生态景观股份有限公司,2018,1,1,0,0,2,0,0,0,0,1,0,1,2,0,0,0,0,2,0,0,0,0,2,0,0,0,1,0,0,1,2,2,0,0,0,0,2,0,0,0,1
美尚生态景观股份有限公司,2019,2,0,0,0,2,1,0,0,2,0,0,1,2,0,0,0,0,2,2,0,0,0,2,0,0,0,2,2,0,0,2,2,0,0,0,0,0,0,2,0,1
美尚生态景观股份有限公司,2020,2,0,0,0,1,2,0,0,1,1,1,2,0,0,2,0,0,0,2,0,0,0,1,2,0,0,2,2,0,0,0,0,0,0,2,1,2,0,0,0,1
四川安控科技股份有限公司,2019,0,0,0,0,0,0,0,0,0,0,0,1,0,0,1,0,0,0,2,0,0,0,0,0,0,0,0,2,0,0,0,0,2,0,2,0,0,0,0,2,1
启迪环境科技发展股份有限公司,2017,2,0,0,0,2,0,0,0,0,0,1,0,0,0,0,2,2,0,0,0,0,1,2,0,0,0,2,1,0,0,0,0,0,1,0,1,0,2,0,0,1
启迪环境科技发展股份有限公司,2018,2,0,0,0,1,0,0,0,0,0,1,2,0,1,2,2,0,0,0,0,0,1,1,2,0,0,2,2,0,0,0,0,0,1,2,1,0,2,0,2,1
南京红太阳股份有限公司,2018,0,0,0,0,1,0,0,0,1,1,0,0,0,1,0,0,0,0,0,0,0,0,0,0,0,1,0,2,0,0,0,0,0,0,0,0,0,0,0,0,1
南京红太阳股份有限公司,2019,0,0,0,0,0,1,0,0,0,1,0,0,0,0,0,2,0,0,0,0,0,0,0,0,0,0,0,0,0,0,0,0,0,0,0,0,0,0,2,2,1
南京红太阳股份有限公司,2020,0,0,0,0,0,1,0,0,1,1,0,2,0,0,2,2,0,0,2,0,0,0,1,0,0,0,0,2,2,0,0,0,2,0,2,0,0,0,0,2,0
广东榕泰实业股份有限公司,2021,1,0,2,0,0,2,0,0,1,1,0,2,0,1,2,0,0,0,2,0,1,0,0,0,2,0,1,2,2,2,0,0,2,2,2,2,2,0,0,0,1
花王生态工程股份有限公司,2019,2,1,0,0,0,0,0,0,1,0,0,2,0,1,0,0,0,0,2,0,0,0,1,0,0,1,2,2,0,1,0,1,0,0,0,0,2,0,0,2,1
徐州海伦哲专用车辆股份有限公司,2016,1,0,0,0,2,2,0,0,2,0,1,1,0,0,0,0,2,0,0,0,0,2,2,1,0,0,0,2,0,0,0,0,2,0,0,0,2,0,0,0,1
徐州海伦哲专用车辆股份有限公司,2017,0,0,0,0,2,0,0,0,0,0,0,0,0,0,0,0,0,0,0,1,0,0,2,0,0,0,0,0,0,0,0,0,2,0,0,1,1,0,0,0,1
徐州海伦哲专用车辆股份有限公司,2018,0,0,2,0,0,0,0,0,0,0,2,0,0,1,0,0,0,0,2,0,0,0,0,1,0,0,1,0,0,0,0,0,0,0,0,0,2,0,2,0,1
徐州海伦哲专用车辆股份有限公司,2019,0,0,0,0,0,0,1,0,0,0,0,0,0,1,0,0,0,0,0,0,0,0,0,1,0,0,1,0,0,0,0,0,0,0,0,0,1,0,0,1,1
珠海和佳医疗设备股份有限公司,2020,0,0,0,0,1,0,0,0,1,0,1,0,2,0,0,0,0,0,0,1,0,0,0,0,0,0,2,2,0,0,0,0,2,0,2,0,0,0,0,1,1
珠海和佳医疗设备股份有限公司,2021,0,0,0,0,1,0,0,0,1,0,0,0,0,0,2,0,0,1,0,0,0,0,0,0,0,0,1,2,0,0,0,0,0,0,2,0,1,0,0,1,1
宜通世纪科技股份有限公司,2017,2,0,0,0,0,2,0,0,0,0,0,1,0,0,0,0,0,0,0,0,0,0,0,0,0,0,2,2,0,0,0,0,0,0,0,0,2,0,0,0,1
新海宜科技集团股份有限公司,2014,0,2,0,0,0,0,0,0,0,0,0,0,0,0,0,0,0,0,0,0,1,0,0,1,0,0,0,0,0,2,0,0,0,0,0,0,0,0,0,0,1
新海宜科技集团股份有限公司,2015,0,0,0,0,0,0,0,0,1,0,0,0,0,0,0,2,1,0,2,0,1,0,0,0,0,0,1,2,0,0,0,0,0,0,0,0,0,0,1,0,1
新海宜科技集团股份有限公司,2016,0,0,0,0,0,0,0,0,1,1,0,0,0,0,0,0,0,0,0,0,1,0,0,0,0,0,1,2,0,1,0,0,0,0,0,0,0,0,0,2,0
新海宜科技集团股份有限公司,2017,0,0,0,0,0,0,1,0,0,0,0,0,0,0,1,2,0,1,0,0,2,0,0,0,0,0,2,0,0,0,0,0,0,0,0,0,0,0,0,2,0
新海宜科技集团股份有限公司,2018,0,1,0,0,2,1,0,0,0,1,0,0,0,0,2,2,0,2,0,0,1,0,2,0,0,0,1,0,2,0,0,2,0,0,0,0,1,0,0,0,1
新海宜科技集团股份有限公司,2019,0,1,0,0,0,1,0,0,1,2,0,0,0,0,0,0,0,0,2,0,0,2,0,0,2,1,1,2,0,1,0,0,2,0,0,1,1,0,0,1,1
科林环保装备股份有限公司,2021,0,1,2,0,1,1,0,0,1,0,0,0,0,0,0,0,1,1,2,0,0,0,0,0,0,0,0,2,0,0,0,0,0,0,2,0,0,0,0,2,0
无锡路通视信网络股份有限公司,2021,0,0,0,0,2,0,0,0,2,0,0,0,0,0,0,0,0,0,0,1,1,0,2,0,0,0,0,0,0,0,0,0,0,0,2,0,0,0,1,0,1
河南华英农业发展股份有限公司,2020,0,0,0,0,0,1,0,0,0,1,0,2,0,0,2,2,0,0,0,0,1,0,0,0,0,0,1,0,2,1,0,0,0,0,2,0,1,0,0,2,1
江南模塑科技股份有限公司,2019,0,0,2,0,0,0,0,0,0,0,0,0,0,1,2,0,0,1,2,1,0,0,0,0,0,0,1,0,0,1,0,0,2,0,2,0,2,0,1,2,0
江南模塑科技股份有限公司,2020,0,0,0,0,0,0,0,0,0,0,0,0,0,1,0,0,0,0,0,0,0,0,0,2,0,0,1,2,0,0,0,0,0,0,2,0,1,0,0,0,0
江南模塑科技股份有限公司,2021,0,0,0,0,0,0,0,0,0,1,0,0,0,1,2,0,0,1,0,0,1,0,0,2,0,0,1,0,0,1,0,0,0,0,2,0,1,0,0,2,0
江苏浩欧博生物医药股份有限公司,2021,0,0,0,0,0,0,0,0,0,0,2,0,0,0,0,0,0,0,0,1,0,0,0,0,1,0,0,0,0,0,0,0,0,0,0,0,0,0,2,0,1
湖南梦洁家纺股份有限公司,2021,1,0,0,0,0,1,0,0,1,0,0,0,0,0,0,2,0,0,0,0,0,0,0,0,0,0,1,2,0,0,0,0,0,0,2,0,1,0,0,0,1
上海电气集团股份有限公司,2020,0,0,0,0,0,0,0,0,2,0,0,1,0,0,0,0,0,1,0,0,0,0,1,1,0,0,0,2,0,0,0,0,0,0,0,0,0,0,0,0,1
湖北凯乐科技股份有限公司,2016,0,0,1,0,0,0,0,0,0,2,0,0,0,0,0,0,2,2,1,0,1,2,2,0,0,0,0,0,0,0,0,1,0,0,0,0,0,0,0,0,1
湖北凯乐科技股份有限公司,2017,0,0,0,0,0,1,0,0,0,1,0,0,0,0,0,0,1,0,0,1,1,0,0,0,0,0,0,0,0,0,0,0,2,0,0,0,2,0,0,0,1
湖北凯乐科技股份有限公司,2018,0,0,0,0,0,0,0,0,0,0,0,0,0,0,1,0,0,0,0,0,1,0,0,1,0,0,0,0,0,0,0,0,0,0,2,0,1,0,0,0,1
湖北凯乐科技股份有限公司,2019,0,0,0,0,0,1,0,0,0,1,0,0,1,0,0,0,0,0,0,0,1,0,0,0,0,0,0,2,0,0,0,0,0,0,2,0,2,0,0,0,1
湖北凯乐科技股份有限公司,2020,0,0,0,0,0,0,0,0,1,1,0,0,0,0,1,0,0,0,0,0,1,0,0,0,0,0,0,2,0,0,0,0,0,0,2,0,1,0,0,0,1
上海宏达新材料股份有限公司,2019,1,0,0,0,1,1,1,0,0,0,0,2,0,0,0,0,0,1,2,0,1,1,1,0,0,0,0,2,0,2,0,0,0,2,2,0,0,0,0,0,1
上海宏达新材料股份有限公司,2020,0,1,0,0,0,0,0,1,2,0,0,2,2,2,2,0,0,2,2,0,1,2,2,0,0,0,0,2,0,0,2,2,2,1,2,1,0,0,0,0,1
上海智汇未来医疗服务股份有限公司,2020,0,0,0,0,0,0,0,0,0,0,0,0,0,0,0,0,0,0,2,0,1,0,0,0,0,0,1,2,0,1,0,0,0,0,2,0,2,0,0,0,1
上海智汇未来医疗服务股份有限公司,2021,0,1,0,0,0,2,0,0,1,0,2,0,0,0,0,0,0,1,0,0,0,0,1,0,1,0,2,1,0,0,0,0,0,1,2,0,2,0,2,1,1
北京合众思壮科技股份有限公司,2017,0,0,1,0,0,0,0,0,0,1,0,0,0,0,0,2,2,0,1,0,0,1,1,0,0,0,0,0,0,0,0,1,1,0,0,1,0,0,0,0,1
北京合众思壮科技股份有限公司,2018,0,1,0,0,0,0,0,0,0,2,0,1,0,2,1,1,0,2,0,0,1,0,0,0,0,0,1,2,0,0,0,0,0,0,2,1,2,0,0,0,1
北京合众思壮科技股份有限公司,2019,0,0,0,0,0,0,0,0,0,0,0,1,0,1,0,0,0,0,0,0,1,0,0,0,0,0,1,2,0,0,0,0,0,0,2,1,1,0,0,2,1
北京合众思壮科技股份有限公司,2020,0,0,0,0,1,2,0,0,2,0,0,1,1,1,1,0,0,0,0,0,1,0,2,0,0,0,1,2,2,0,0,0,0,0,1,2,2,0,0,1,1
广西桂东电力股份有限公司,2019,2,0,0,0,0,2,0,2,0,0,0,2,1,0,1,1,0,0,1,0,0,0,0,0,0,0,1,1,0,0,0,0,0,0,2,0,1,0,0,1,0
广西桂东电力股份有限公司,2020,2,0,0,0,0,0,0,1,0,0,0,2,1,0,0,0,0,0,1,0,1,0,0,2,0,1,2,1,0,0,0,0,1,0,2,0,0,0,0,2,0
广东紫晶信息存储技术股份有限公司,2017,0,0,0,0,2,0,0,0,0,0,2,0,0,1,0,0,2,2,0,1,0,0,2,0,0,1,0,2,0,0,0,0,0,0,0,1,0,0,2,0,1
广东紫晶信息存储技术股份有限公司,2018,0,0,0,0,2,0,0,0,0,2,0,0,2,2,0,0,0,0,0,1,0,2,2,0,0,1,0,2,0,0,2,0,2,0,0,0,0,0,0,0,1
广东紫晶信息存储技术股份有限公司,2019,0,0,0,0,1,0,0,0,0,0,2,0,0,2,0,2,0,0,2,0,0,2,1,0,0,0,1,2,0,0,0,0,0,0,0,0,0,0,2,2,1
广东紫晶信息存储技术股份有限公司,2020,0,0,0,0,2,0,0,0,0,0,2,0,0,0,0,0,0,0,2,0,1,0,2,0,2,0,0,0,0,0,0,0,0,0,2,0,0,0,2,0,1
江西星星科技股份有限公司,2019,0,0,2,0,0,0,1,0,0,2,0,2,0,0,0,0,1,1,2,1,0,2,0,2,0,0,0,0,0,2,0,0,2,2,2,0,1,0,0,2,1
江西星星科技股份有限公司,2020,0,0,0,0,0,2,0,0,0,1,0,2,0,0,2,0,0,1,0,0,0,0,0,2,0,0,1,2,0,1,0,0,0,0,2,0,2,0,1,0,0
金洲慈航集团股份有限公司,2016,2,0,0,0,1,0,0,0,1,1,2,1,0,0,0,0,0,0,2,0,0,0,0,0,0,0,2,2,0,0,0,0,2,0,0,0,0,2,0,0,1
金洲慈航集团股份有限公司,2017,2,0,0,0,0,0,0,2,2,1,0,1,2,0,0,0,0,2,0,0,2,0,0,0,0,0,2,2,0,0,0,2,0,0,0,0,0,0,2,0,1
金洲慈航集团股份有限公司,2018,2,0,0,0,0,0,0,2,0,1,0,2,2,0,0,2,0,0,0,0,0,0,0,0,0,0,2,2,0,0,0,0,0,0,0,0,1,0,0,0,1
福建实达集团股份有限公司,2018,0,0,0,0,1,0,0,0,1,0,0,0,0,0,0,0,0,0,0,0,0,0,1,0,0,0,0,1,0,0,0,0,0,0,0,0,0,0,0,0,1
福建实达集团股份有限公司,2019,0,0,0,0,0,0,0,0,2,0,0,0,2,0,0,0,0,1,0,0,1,0,2,0,0,0,0,2,2,0,0,0,0,0,2,2,0,0,0,1,1
杭州高新橡塑材料股份有限公司,2018,0,0,0,2,0,2,0,0,2,0,1,0,0,1,0,0,0,2,2,0,0,0,2,0,0,1,1,2,0,2,0,0,0,2,0,0,2,0,0,2,1
杭州高新橡塑材料股份有限公司,2019,0,0,0,0,0,0,0,0,0,0,0,0,0,0,2,2,0,1,0,0,0,0,1,0,0,1,0,0,0,0,0,0,0,0,2,1,0,0,2,2,1
江西特种电机股份有限公司,2017,1,0,0,0,2,2,0,0,2,2,0,2,0,0,2,0,0,0,0,0,0,2,2,0,0,0,0,2,0,0,0,0,0,1,0,0,2,0,0,0,1
江西特种电机股份有限公司,2018,0,0,0,0,0,2,1,0,0,0,0,0,0,1,0,2,0,2,0,0,0,0,2,2,0,0,0,0,0,0,0,0,0,0,2,1,2,0,0,0,1
云南生物谷药业股份有限公司,2021,0,0,0,0,0,1,0,0,2,0,0,0,0,1,0,0,0,0,0,1,0,0,0,0,0,0,0,0,0,2,0,0,0,2,2,0,0,0,1,0,1
吉林利源精制股份有限公司,2015,0,0,0,0,0,0,0,0,0,0,2,0,2,0,0,2,0,0,2,0,0,0,0,0,0,0,2,2,0,0,0,0,0,1,0,0,0,0,2,0,1
吉林利源精制股份有限公司,2016,0,0,0,0,0,0,0,0,0,1,1,0,0,0,0,0,0,0,2,0,0,0,0,0,0,0,2,2,0,0,0,0,0,0,0,0,0,0,0,0,1
吉林利源精制股份有限公司,2017,0,0,0,0,0,0,0,0,0,0,1,0,0,0,0,0,0,0,2,1,2,0,0,0,0,0,2,2,0,0,0,0,0,1,0,0,0,0,0,0,1
吉林利源精制股份有限公司,2018,0,0,0,0,2,1,0,0,0,1,0,0,0,0,0,0,0,2,0,1,0,0,2,0,0,0,0,0,0,0,0,0,0,0,2,0,0,0,0,2,1
海越能源集团股份有限公司,2020,0,0,0,0,0,1,0,0,1,0,0,0,0,0,0,0,0,1,0,0,0,0,2,0,0,1,0,1,0,0,0,0,0,0,2,0,0,0,0,0,1
深圳大通实业股份有限公司,2016,2,2,0,0,2,0,0,0,0,0,2,0,2,0,0,0,2,2,2,0,0,0,0,0,0,0,2,2,0,0,2,2,2,2,0,0,2,0,2,0,1
深圳大通实业股份有限公司,2017,2,0,2,0,2,2,0,0,2,0,0,0,0,0,0,0,2,2,2,1,2,0,2,0,0,0,0,2,0,0,0,2,0,0,0,0,2,0,2,0,1
供销大集集团股份有限公司,2017,0,2,2,0,0,0,2,0,0,2,2,0,0,0,0,0,1,1,2,1,0,2,1,0,0,0,1,2,0,2,0,1,2,2,0,0,0,0,2,0,1
供销大集集团股份有限公司,2018,0,0,0,0,0,0,1,0,0,0,0,0,0,0,0,0,0,0,0,0,0,0,0,0,0,0,1,0,0,1,0,0,0,0,2,0,1,0,0,0,1
供销大集集团股份有限公司,2019,0,0,0,0,1,2,0,0,1,1,0,0,2,0,0,0,0,1,0,0,0,0,0,0,0,0,0,2,0,0,0,0,0,0,0,0,2,0,2,1,1
供销大集集团股份有限公司,2020,0,0,0,0,0,1,0,0,1,0,0,0,2,0,0,0,0,0,0,0,0,0,0,0,0,0,0,2,2,0,1,0,0,0,0,0,1,0,1,0,1
供销大集集团股份有限公司,2021,2,1,2,0,1,0,0,2,1,0,0,2,2,1,2,0,0,0,2,0,2,0,1,0,0,1,2,2,2,0,0,1,2,0,2,0,1,0,0,1,1
海南航空控股股份有限公司,2018,0,0,0,0,0,1,0,0,0,0,0,0,0,0,0,0,0,0,0,0,0,0,0,0,0,0,0,0,0,0,0,0,0,0,0,0,1,0,0,2,0
海南航空控股股份有限公司,2019,2,0,0,0,0,0,0,0,0,1,0,0,0,0,0,0,0,0,2,0,0,0,0,0,0,0,2,0,0,1,0,0,2,0,0,0,0,0,2,2,0
海南航空控股股份有限公司,2020,0,0,0,0,0,1,0,0,2,1,0,0,0,0,0,0,0,2,0,0,0,0,2,0,0,0,0,1,0,0,0,0,0,0,0,0,1,0,0,2,1
上海华虹计通智能系统股份有限公司,2017,0,0,1,0,0,0,0,0,0,0,0,0,0,0,0,0,0,0,1,0,0,0,0,0,0,0,0,0,0,2,0,0,1,1,0,0,0,0,1,0,1
江苏澄星磷化工股份有限公司,2020,0,0,0,0,0,0,0,0,0,1,0,0,2,0,0,2,0,1,0,0,0,0,1,0,0,0,1,2,0,0,0,0,0,0,0,0,0,0,2,2,1
蓝盾信息安全技术股份有限公司,2017,1,0,0,0,2,0,0,0,2,0,0,2,2,0,0,0,0,0,0,0,1,0,0,2,0,0,1,2,0,0,0,0,0,0,0,0,0,0,0,0,1
蓝盾信息安全技术股份有限公司,2018,0,0,2,0,2,0,1,0,2,0,1,2,0,1,0,2,0,0,2,0,1,0,2,0,0,0,1,2,0,0,2,0,0,0,2,0,0,0,0,0,1
蓝盾信息安全技术股份有限公司,2019,0,0,0,0,2,0,0,0,2,1,1,0,0,1,0,0,0,2,2,1,1,0,2,2,0,0,0,2,0,0,0,2,0,0,2,0,0,0,0,0,1
雪松发展股份有限公司,2018,2,0,2,0,0,1,0,0,0,0,2,0,0,1,2,0,1,1,2,0,2,0,0,2,0,0,2,2,0,1,0,1,2,1,2,0,0,0,2,0,1
雪松发展股份有限公司,2019,0,0,0,0,0,0,0,0,0,0,0,0,0,1,0,0,1,1,2,0,2,0,1,2,0,1,2,0,0,0,0,0,0,0,2,0,0,0,0,0,1
北京数知科技股份有限公司,2019,2,0,0,0,0,2,0,0,0,2,0,2,0,0,0,0,0,0,0,0,2,0,0,0,0,0,0,0,0,0,0,0,0,0,2,0,2,0,0,0,1
北京数知科技股份有限公司,2020,0,0,0,0,2,2,0,0,0,0,0,0,0,0,0,0,0,2,0,0,0,0,2,0,0,0,1,2,0,0,0,2,0,0,2,1,2,0,1,1,1
新疆机械研究院股份有限公司,2015,2,0,0,0,0,0,0,0,0,0,2,2,0,0,2,0,1,0,2,0,0,0,0,2,0,0,2,2,0,0,0,0,0,1,0,0,2,0,2,0,1
新疆机械研究院股份有限公司,2016,2,0,0,0,0,0,0,0,0,0,0,2,0,0,2,0,0,0,2,1,0,0,0,2,0,0,2,2,0,0,0,0,0,0,0,0,2,0,0,0,1
新疆机械研究院股份有限公司,2017,2,0,0,0,2,0,0,0,0,0,2,1,2,0,1,0,0,0,0,1,2,0,2,0,0,1,2,2,0,0,2,0,2,0,0,0,2,0,2,0,1
新疆机械研究院股份有限公司,2018,2,0,0,0,1,0,1,0,0,0,0,2,0,1,0,0,0,0,0,0,2,0,1,0,0,0,2,0,0,2,0,0,0,0,2,0,1,0,0,0,1
新疆机械研究院股份有限公司,2019,0,0,0,0,2,1,0,0,2,1,0,2,0,1,0,0,0,2,0,0,0,0,2,0,0,1,1,1,0,0,0,0,0,0,2,0,1,0,0,0,1
大连热电股份有限公司,2021,0,0,0,0,0,0,0,0,1,0,0,0,0,0,0,2,0,0,0,0,0,0,0,0,0,0,0,1,0,1,0,0,0,0,0,0,0,0,0,2,0
林州重机集团股份有限公司,2020,0,2,2,0,1,2,0,0,1,1,0,0,0,1,2,0,0,1,2,1,0,1,0,0,0,0,0,2,0,2,0,0,2,2,2,0,2,1,0,2,0
林州重机集团股份有限公司,2021,0,0,0,0,2,0,0,0,2,1,0,0,0,0,2,2,0,2,0,0,0,0,2,0,0,0,0,1,0,0,0,0,0,0,2,0,1,0,0,2,0
江苏中超控股股份有限公司,2018,0,0,0,0,0,0,0,0,0,1,0,0,0,0,0,2,0,0,0,0,0,0,0,0,0,0,1,2,0,0,0,0,0,0,2,0,0,0,0,2,1
腾邦国际商业服务集团股份有限公司,2018,1,0,0,0,0,0,1,0,1,2,0,2,0,2,0,0,0,0,0,0,1,2,0,2,0,1,1,1,0,2,0,0,0,2,2,1,0,0,0,2,1
光一科技股份有限公司,2020,2,0,0,0,0,1,0,0,2,1,0,0,0,0,2,0,0,2,0,0,2,0,2,0,0,0,2,2,0,0,0,0,0,0,2,0,1,0,2,1,1
神雾环保技术股份有限公司,2016,0,0,0,2,1,0,0,1,0,0,0,0,2,0,0,2,1,0,2,1,0,1,1,1,2,1,1,2,0,0,0,0,2,1,0,0,2,0,0,0,1
神雾环保技术股份有限公司,2017,0,0,0,0,2,0,0,1,2,2,0,0,0,0,0,0,0,2,0,0,1,2,2,0,0,0,0,0,0,0,0,0,0,1,0,0,2,0,1,0,1
神雾环保技术股份有限公司,2018,0,0,0,0,2,0,0,1,2,0,0,0,2,1,2,1,0,2,0,0,1,0,2,0,0,0,1,2,0,0,2,0,0,0,2,1,0,0,0,1,1
广东明珠集团股份有限公司,2016,0,2,0,0,2,0,0,0,0,0,2,0,0,0,0,0,0,2,2,1,0,1,2,0,0,1,1,0,0,0,0,2,0,2,0,1,0,0,2,0,1
广东明珠集团股份有限公司,2017,0,0,2,0,0,0,0,0,0,0,0,0,0,0,1,0,2,2,2,1,0,1,2,0,0,1,1,0,0,0,0,2,0,1,0,1,0,0,1,0,1
广东明珠集团股份有限公司,2018,0,0,0,0,0,0,1,0,0,0,0,0,0,0,2,0,0,0,2,0,0,0,0,2,0,0,2,0,0,0,0,0,0,0,2,0,0,0,1,0,1
广东明珠集团股份有限公司,2019,0,0,2,0,0,0,0,0,1,0,0,0,0,1,2,0,1,0,2,0,0,0,0,0,0,0,2,2,0,0,0,0,0,0,2,0,0,0,1,0,1
广东明珠集团股份有限公司,2020,0,1,0,0,0,0,0,1,0,0,0,0,2,1,2,0,0,0,2,0,0,0,0,0,0,0,0,2,0,0,1,0,2,0,2,0,0,0,2,0,1
广东明珠集团股份有限公司,2021,0,1,0,0,0,2,1,0,0,0,1,0,0,1,2,2,1,0,0,0,0,0,0,0,0,0,2,2,0,0,0,0,0,0,2,0,2,0,0,0,1
科林环保装备股份有限公司,2018,0,0,0,0,2,1,0,0,2,1,0,0,0,0,2,0,0,2,0,1,0,0,2,2,0,0,0,0,0,0,0,2,0,0,2,1,1,0,0,1,1
江苏鼎胜新能源材料股份有限公司,2018,0,0,0,0,0,0,0,0,1,0,2,0,0,0,0,2,0,0,0,0,0,0,1,0,0,0,0,2,0,0,0,0,0,0,0,0,0,0,2,2,1
江苏鼎胜新能源材料股份有限公司,2019,1,2,0,0,0,2,0,0,0,2,0,0,0,0,0,2,0,0,0,0,0,0,1,0,0,0,0,2,0,2,0,0,0,2,0,0,2,0,0,2,1
江苏鼎胜新能源材料股份有限公司,2020,0,0,0,0,0,0,0,0,0,2,0,0,2,0,1,2,0,2,2,0,0,0,2,0,0,0,0,2,0,0,0,2,0,0,0,1,1,0,0,0,1
浙江省围海建设集团股份有限公司,2017,0,0,0,0,0,0,0,0,0,0,0,0,1,0,0,0,0,0,0,0,0,0,1,0,0,0,0,0,0,0,0,0,2,0,0,0,0,0,2,0,1
浙江省围海建设集团股份有限公司,2018,2,0,0,0,1,0,0,0,1,0,0,2,1,0,0,0,0,0,0,0,0,0,2,1,0,0,1,1,0,0,0,0,0,0,2,0,0,0,1,0,1
浙江省围海建设集团股份有限公司,2019,0,0,0,0,2,0,0,0,1,0,0,0,0,0,1,0,0,2,0,0,0,0,2,2,0,0,1,1,0,0,0,0,0,0,2,0,0,0,0,0,1
天海融合防务装备技术股份有限公司,2017,2,0,0,0,0,1,0,2,0,2,1,1,2,0,0,0,0,0,0,0,2,2,0,0,0,0,2,2,0,0,0,0,0,0,0,1,0,0,1,0,1
上海北特科技股份有限公司,2018,1,0,0,0,2,0,0,0,0,1,0,2,2,0,2,1,2,2,2,0,0,0,0,0,2,0,1,2,0,0,0,0,0,0,2,0,2,0,0,0,1
广东明珠集团股份有限公司,2016,0,2,0,0,2,0,0,0,0,0,2,0,0,0,0,0,0,2,2,1,0,1,2,0,0,1,1,0,0,0,0,2,0,2,0,1,0,0,2,0,1
广东明珠集团股份有限公司,2017,0,0,2,0,0,0,0,0,0,0,0,0,0,0,1,0,2,2,2,1,0,1,2,0,0,1,1,0,0,0,0,2,0,1,0,1,0,0,1,0,1
广东明珠集团股份有限公司,2018,0,0,0,0,0,0,1,0,0,0,0,0,0,0,2,0,0,0,2,0,0,0,0,2,0,0,2,0,0,0,0,0,0,0,2,0,0,0,1,0,1
广东明珠集团股份有限公司,2019,0,0,2,0,0,0,0,0,1,0,0,0,0,1,2,0,1,0,2,0,0,0,0,0,0,0,2,2,0,0,0,0,0,0,2,0,0,0,1,0,1
广东明珠集团股份有限公司,2020,0,1,0,0,0,0,0,1,0,0,0,0,2,1,2,0,0,0,2,0,0,0,0,0,0,0,0,2,0,0,1,0,2,0,2,0,0,0,2,0,1
广东明珠集团股份有限公司,2021,0,1,0,0,0,2,1,0,0,0,1,0,0,1,2,2,1,0,0,0,0,0,0,0,0,0,2,2,0,0,0,0,0,0,2,0,2,0,0,0,1
湖南天润数字娱乐文化传媒股份有限公司,2016,2,0,2,0,1,1,0,0,1,0,0,0,0,0,1,1,1,1,2,1,0,0,1,0,2,0,2,2,0,0,0,0,2,1,0,0,0,0,1,0,1
湖南天润数字娱乐文化传媒股份有限公司,2017,2,1,0,0,1,1,0,0,0,0,1,0,0,0,1,0,1,1,0,1,0,0,0,0,1,0,2,0,0,1,0,0,0,1,0,0,0,0,1,0,1
湖南天润数字娱乐文化传媒股份有限公司,2018,2,0,2,0,0,1,0,0,0,0,2,2,0,1,0,0,1,1,2,1,0,0,0,0,0,0,2,2,0,0,0,1,0,0,2,0,0,0,2,0,1
摩登大道时尚集团股份有限公司,2018,2,0,2,0,0,0,0,0,1,0,0,2,0,0,2,0,1,0,2,0,2,2,0,0,0,0,2,2,0,0,0,1,0,2,2,0,1,2,0,0,1
摩登大道时尚集团股份有限公司,2019,0,0,0,0,0,1,1,0,1,1,0,2,0,1,2,0,0,1,0,0,0,0,1,0,0,1,0,2,0,0,0,0,0,0,2,0,1,0,0,1,1
神雾节能股份有限公司,2016,0,0,2,2,2,0,0,0,2,0,0,0,0,0,1,2,2,2,2,1,1,1,2,0,0,0,1,2,0,0,2,2,2,1,0,1,0,0,0,0,1
神雾节能股份有限公司,2017,0,0,0,0,2,0,0,1,0,2,0,0,2,0,0,0,0,0,2,1,0,2,2,0,0,1,1,2,0,0,2,0,0,1,0,1,0,0,0,0,1
艾格拉斯股份有限公司,2018,2,1,2,0,1,1,0,0,0,0,0,2,0,0,2,1,0,1,2,0,2,0,0,0,0,0,2,2,0,0,0,1,2,0,2,0,0,0,1,1,1
艾格拉斯股份有限公司,2019,0,1,0,0,2,1,1,0,2,0,0,2,0,0,0,0,0,2,0,0,0,0,2,0,0,0,1,0,0,0,0,0,0,0,2,0,1,0,1,0,1
艾格拉斯股份有限公司,2020,0,2,0,0,2,2,0,0,2,0,1,0,0,0,0,0,0,2,0,2,0,1,2,0,0,1,1,1,2,2,0,0,1,2,2,0,2,0,0,0,1
杭州天目山药业股份有限公司,2018,0,0,2,0,0,1,0,0,1,0,0,0,2,1,0,0,1,0,2,1,0,0,0,0,0,0,1,2,0,0,0,0,0,0,0,0,0,0,0,1,1
杭州天目山药业股份有限公司,2019,0,1,0,0,0,2,0,0,1,1,2,0,0,1,0,0,0,1,0,1,1,0,0,0,2,0,0,2,0,1,1,0,2,0,0,0,2,0,0,1,1
杭州天目山药业股份有限公司,2020,0,0,2,0,0,2,0,1,1,0,0,0,2,1,1,0,0,1,2,0,0,0,0,0,0,1,0,2,0,0,0,1,0,1,0,0,2,0,0,0,1
广州市浪奇实业股份有限公司,2018,0,0,0,0,0,0,0,0,0,1,0,0,1,2,0,0,0,0,0,0,0,0,0,0,0,0,0,1,0,1,0,0,0,1,2,1,1,0,0,0,1
广州市浪奇实业股份有限公司,2019,0,0,0,0,2,0,0,0,0,0,0,0,0,2,0,0,0,1,1,0,0,0,2,0,0,0,0,0,0,1,0,0,1,1,0,1,0,0,0,0,1
广东柏堡龙股份有限公司,2014,0,0,0,0,0,0,0,0,0,0,0,0,0,0,0,0,0,0,2,0,0,0,0,0,0,0,0,0,0,0,0,0,0,0,0,0,0,0,0,0,1
广东柏堡龙股份有限公司,2015,0,0,0,0,0,0,0,0,0,0,2,0,0,0,0,0,0,0,0,0,0,0,0,0,0,0,1,0,0,0,0,0,0,0,0,0,0,0,2,0,1
广东柏堡龙股份有限公司,2016,0,0,0,0,0,0,0,0,0,0,2,0,0,0,0,0,0,0,2,1,0,0,0,0,0,0,1,0,0,0,0,0,0,0,0,0,0,0,2,0,1
广东柏堡龙股份有限公司,2017,0,0,0,0,2,0,0,0,2,0,2,0,2,0,0,0,0,0,0,0,0,0,0,0,0,0,1,2,0,0,0,0,0,0,0,0,0,0,2,0,1
广东柏堡龙股份有限公司,2018,0,0,0,2,0,0,0,0,0,0,0,0,0,1,2,2,0,0,0,0,0,0,0,0,0,0,1,2,0,0,0,0,0,0,2,0,1,0,1,0,1
广东柏堡龙股份有限公司,2019,0,0,0,1,0,0,0,0,0,0,0,0,0,1,0,0,0,0,0,0,0,0,0,0,0,0,1,0,0,0,0,0,0,0,2,0,1,0,0,0,1
新疆同济堂健康产业股份有限公司,2016,0,0,2,0,2,2,0,0,2,0,1,0,0,0,0,0,2,2,2,1,0,2,0,0,0,0,1,2,0,0,0,2,0,1,0,0,2,0,1,0,1
新疆同济堂健康产业股份有限公司,2017,0,0,0,0,1,0,0,0,1,0,0,0,0,0,0,0,0,0,0,0,0,0,1,0,0,0,0,2,0,0,0,0,0,0,0,0,0,0,0,0,1
新疆同济堂健康产业股份有限公司,2018,0,0,0,0,2,1,0,0,2,0,1,0,0,0,0,0,0,2,0,0,1,1,0,2,0,1,0,2,0,0,0,2,0,1,2,0,0,0,0,0,1
新疆同济堂健康产业股份有限公司,2019,0,0,0,0,2,1,0,0,0,2,0,0,2,0,2,0,0,0,2,0,0,2,2,0,0,0,0,0,0,0,2,0,0,0,2,1,0,0,0,0,1
新疆亿路万源实业控股股份有限公司,2018,0,1,0,0,1,0,0,0,1,0,0,0,0,1,2,0,0,1,1,0,0,0,0,0,0,0,2,1,0,0,0,0,0,0,2,1,0,0,0,0,1
新疆亿路万源实业控股股份有限公司,2019,0,1,0,0,1,1,0,0,1,1,0,0,0,0,0,0,0,0,2,0,0,0,1,0,0,0,2,2,0,1,0,0,2,0,2,0,0,0,0,0,1
河南科迪乳业股份有限公司,2016,1,0,0,2,0,0,0,0,0,0,1,0,2,0,0,2,0,0,0,1,0,0,0,0,0,0,0,2,0,0,0,0,0,0,0,0,0,0,0,0,1
河南科迪乳业股份有限公司,2017,0,0,0,0,0,0,0,0,0,0,1,0,0,0,0,0,1,0,0,0,0,0,0,0,0,0,0,2,0,0,0,0,0,0,0,0,0,0,0,0,0
河南科迪乳业股份有限公司,2018,0,0,0,2,0,0,0,0,0,0,0,0,0,1,0,2,0,0,0,0,0,0,0,0,0,1,0,2,0,0,0,0,0,0,2,0,0,0,0,0,0
河南科迪乳业股份有限公司,2019,0,0,0,0,0,1,0,0,0,1,0,0,0,1,0,0,0,0,0,0,0,0,0,0,0,0,0,0,0,0,0,0,0,1,0,0,0,0,2,0,0
北京昊华能源股份有限公司,2015,0,0,0,0,1,0,0,0,0,0,1,0,0,0,0,0,0,2,0,0,1,0,0,1,0,0,2,0,0,0,0,0,0,0,0,0,0,0,1,0,1
北京昊华能源股份有限公司,2016,0,0,0,0,0,0,0,0,0,0,0,0,0,0,0,0,0,0,1,0,1,0,0,0,0,0,2,0,0,0,0,0,2,0,0,0,0,0,0,0,1
北京昊华能源股份有限公司,2017,0,0,0,0,0,0,0,0,0,0,0,0,1,0,0,0,0,0,0,0,0,0,0,0,0,0,2,0,0,0,0,0,2,0,0,0,2,0,0,0,1
北京昊华能源股份有限公司,2018,0,0,0,0,0,0,0,0,0,0,0,0,0,0,0,0,0,0,0,1,0,0,0,0,0,0,2,1,0,0,0,0,0,0,2,0,0,0,0,0,1
北京京西文化旅游股份有限公司,2018,0,0,0,0,2,0,0,1,0,0,0,0,2,0,0,0,0,0,0,0,1,0,0,0,0,1,1,0,0,0,2,2,0,0,2,0,1,0,1,0,1
郑州华晶金刚石股份有限公司,2016,0,0,0,0,0,0,0,0,0,0,2,0,0,0,0,1,0,0,0,1,0,0,2,0,0,0,1,2,0,0,0,2,0,0,0,0,2,0,2,0,1
郑州华晶金刚石股份有限公司,2017,0,1,0,0,0,2,2,0,0,0,0,0,0,0,0,0,1,0,0,0,0,0,1,0,0,0,1,0,0,0,0,0,0,1,0,0,2,0,2,0,1
郑州华晶金刚石股份有限公司,2018,0,2,0,0,2,1,0,0,0,2,1,0,2,0,0,0,0,0,0,0,1,0,2,0,0,0,1,2,0,0,2,2,0,0,2,1,1,0,1,1,1
郑州华晶金刚石股份有限公司,2019,0,0,0,0,0,1,1,1,2,1,0,0,1,1,2,0,0,2,0,0,0,0,2,0,0,0,1,1,0,1,0,2,0,0,2,1,1,0,1,2,1
贵州长征天成控股股份有限公司,2017,0,0,0,0,0,0,0,0,0,0,0,0,0,0,0,0,0,0,1,0,1,0,0,0,0,0,2,0,0,0,0,0,2,0,0,0,2,0,0,2,0
贵州长征天成控股股份有限公司,2018,0,2,0,0,0,0,0,0,0,0,0,0,0,2,0,0,0,0,0,0,0,1,0,0,0,0,2,0,0,2,0,0,0,0,0,0,1,0,0,1,0
贵州长征天成控股股份有限公司,2019,0,0,0,0,1,0,0,0,1,0,0,0,0,1,2,0,0,2,0,0,2,0,2,0,0,0,2,0,0,0,0,0,0,0,2,0,1,0,0,1,1
福建省永安林业(集团)股份有限公司,2016,0,0,0,0,1,0,0,0,0,0,0,2,1,0,2,0,2,0,0,0,0,0,0,0,0,0,0,2,0,0,0,0,2,0,1,0,0,0,0,0,0
福建省永安林业(集团)股份有限公司,2017,0,0,0,0,1,0,0,0,0,0,0,2,0,0,0,0,0,0,0,0,0,0,1,1,0,0,0,0,0,0,0,0,0,0,1,0,0,0,0,0,0
航天通信控股集团股份有限公司,2016,0,0,0,0,0,0,0,0,0,0,0,0,0,0,0,0,0,0,0,0,0,0,0,0,0,0,0,1,0,0,0,0,1,0,0,0,0,0,0,0,0
航天通信控股集团股份有限公司,2017,0,0,0,0,0,0,0,0,0,0,0,0,0,0,0,0,0,0,0,0,0,0,0,0,0,0,0,0,0,0,0,0,0,0,0,0,0,0,0,0,0
航天通信控股集团股份有限公司,2018,0,0,0,0,0,0,0,0,0,0,0,0,0,0,0,0,0,0,0,0,0,0,0,0,0,0,0,0,0,0,0,0,0,0,0,0,0,0,0,0,0
亿阳信通股份有限公司,2016,0,0,0,0,0,0,0,0,0,0,0,0,0,0,0,0,0,2,0,0,0,0,0,0,0,0,1,0,0,0,0,0,0,0,0,0,1,0,0,0,1
亿阳信通股份有限公司,2017,0,0,0,0,0,0,0,0,0,1,0,0,0,0,0,0,0,2,0,1,0,0,2,0,0,0,1,0,0,2,2,0,0,2,0,0,1,0,0,0,1
每日互动股份有限公司,2019,0,0,0,0,2,0,0,0,2,0,2,0,0,0,2,1,0,2,2,0,0,0,2,0,0,0,1,2,0,0,0,0,0,0,2,0,0,0,2,0,1
每日互动股份有限公司,2020,0,0,0,0,0,0,0,0,1,0,1,0,0,0,2,0,0,1,0,0,1,0,0,0,1,0,0,1,0,0,0,0,0,0,2,0,0,0,1,0,1
南宁八菱科技股份有限公司,2019,2,0,0,0,0,1,0,0,0,0,0,2,0,0,2,0,0,1,0,0,2,0,1,2,1,1,2,0,0,0,0,0,0,1,2,0,0,0,2,1,1
南宁八菱科技股份有限公司,2020,0,1,0,0,0,2,1,1,2,0,0,0,2,0,0,0,0,2,2,2,0,0,2,0,0,1,1,2,2,0,2,2,0,0,2,0,2,0,0,0,0
广东文化长城集团股份有限公司,2016,2,1,0,0,2,0,0,0,0,0,0,1,0,0,1,0,0,2,0,0,0,0,0,0,0,0,2,0,0,1,2,0,2,1,0,0,1,0,2,1,1
广东文化长城集团股份有限公司,2017,2,0,0,0,0,0,0,0,0,0,2,2,0,0,2,0,0,0,2,1,2,0,0,0,0,1,2,2,0,0,0,0,0,0,2,0,2,0,2,0,1
广东文化长城集团股份有限公司,2018,2,0,0,0,2,1,0,0,0,0,0,2,0,0,0,2,0,2,0,1,0,0,2,2,0,0,2,0,0,0,0,0,0,0,2,0,1,0,1,2,1
中新科技集团股份有限公司,2018,0,0,0,0,1,1,0,0,0,1,0,0,0,0,2,0,0,0,2,0,0,0,1,0,0,0,0,0,0,0,0,0,0,0,2,0,0,0,0,1,1
中新科技集团股份有限公司,2019,0,0,0,0,2,1,0,1,2,1,0,0,2,0,0,0,0,2,0,0,1,0,2,0,0,0,0,2,2,0,0,0,0,0,2,0,0,0,0,2,1
义乌华鼎锦纶股份有限公司,2018,1,0,0,0,0,2,0,0,0,0,1,2,0,1,2,0,1,0,2,1,0,0,0,0,0,1,1,2,0,0,1,0,2,1,2,0,2,0,0,0,1
义乌华鼎锦纶股份有限公司,2019,0,0,0,0,0,0,0,1,0,0,0,2,0,1,2,0,0,1,0,1,0,0,1,0,0,0,0,0,0,0,0,0,0,0,2,0,0,0,0,0,1
新疆浩源天然气股份有限公司,2019,0,0,0,0,0,2,1,0,2,0,0,0,0,0,2,0,0,0,1,1,0,1,0,0,0,0,0,1,0,0,0,2,0,1,2,0,2,0,0,0,1
新疆浩源天然气股份有限公司,2020,0,0,0,0,0,2,0,0,1,0,0,0,0,0,0,2,0,0,0,0,0,0,0,0,0,1,0,2,0,0,0,0,0,0,2,0,2,0,0,0,1
宜华生活科技股份有限公司,2016,1,0,0,0,0,0,0,0,0,0,2,1,0,0,0,0,0,0,0,0,0,0,0,0,0,0,0,0,0,0,0,0,0,0,0,0,1,0,0,0,1
宜华生活科技股份有限公司,2017,0,0,0,0,0,0,0,0,0,0,0,0,0,0,1,0,0,0,2,0,0,0,0,1,0,0,0,0,0,0,0,0,0,0,0,0,2,0,0,0,1
宜华生活科技股份有限公司,2018,0,0,0,0,0,0,0,0,0,0,0,0,0,2,0,0,0,0,0,0,1,0,0,0,0,0,1,0,0,0,0,0,0,0,2,0,1,0,0,2,1
宜华生活科技股份有限公司,2019,0,0,0,0,2,0,0,0,0,2,0,0,0,0,2,0,0,0,0,0,1,2,0,2,0,0,0,0,0,0,0,0,0,1,2,0,1,0,0,1,1
中潜股份有限公司,2019,0,0,2,0,2,0,0,0,2,2,1,0,0,2,2,0,0,0,0,0,0,2,2,0,0,0,2,2,0,0,0,0,0,2,2,0,0,0,0,2,1
金正大生态工程集团股份有限公司,2015,0,0,0,0,0,0,0,0,0,0,0,0,0,0,0,0,0,0,0,0,1,0,0,0,0,0,0,0,0,0,0,0,0,0,0,0,2,0,0,0,1
金正大生态工程集团股份有限公司,2016,0,0,0,0,0,0,0,0,0,0,0,0,0,0,0,0,0,0,0,0,1,0,0,0,0,0,0,0,0,0,0,0,0,0,0,0,2,0,0,0,1
金正大生态工程集团股份有限公司,2017,0,0,0,0,0,0,0,0,0,0,0,0,0,0,0,0,0,0,0,0,1,0,0,0,0,0,0,0,0,0,0,0,0,0,0,0,0,0,0,0,1
金正大生态工程集团股份有限公司,2018,0,0,0,0,0,0,0,0,2,1,0,0,1,0,0,0,0,1,0,0,1,1,0,0,0,0,0,2,0,0,1,0,0,0,2,0,0,0,0,0,1
金正大生态工程集团股份有限公司,2019,0,0,0,0,0,0,0,0,0,0,0,0,1,0,2,0,0,0,0,0,1,0,0,0,0,1,0,1,0,0,0,0,0,0,2,0,0,0,0,0,1
苏州胜利精密制造科技股份有限公司,2016,0,0,0,0,0,0,0,0,2,0,0,0,0,0,0,1,2,2,2,0,0,0,2,1,0,0,0,2,0,0,0,0,0,0,0,1,0,0,0,0,1
苏州胜利精密制造科技股份有限公司,2017,0,0,0,0,0,0,0,0,1,0,0,2,0,0,0,2,0,0,0,0,0,0,0,0,2,0,0,2,0,1,0,0,0,0,2,1,0,0,1,2,1
苏州胜利精密制造科技股份有限公司,2018,0,0,0,0,0,2,0,0,0,0,0,2,0,0,0,0,0,1,0,0,1,0,0,2,0,0,1,2,0,0,0,0,0,0,2,0,2,0,0,1,1
浙江嘉澳环保科技股份有限公司,2019,0,0,0,0,0,0,0,0,0,0,1,2,0,1,2,0,0,0,2,0,0,0,1,0,0,0,0,2,0,0,0,0,0,0,2,0,0,0,0,0,1
浙江嘉澳环保科技股份有限公司,2020,0,0,0,0,0,0,0,0,2,0,0,0,2,1,0,0,0,2,2,0,1,0,2,0,0,0,1,2,0,0,0,2,0,0,2,0,0,0,0,2,1
浙江聚力文化发展股份有限公司,2016,2,0,2,0,0,0,1,0,1,0,1,2,0,0,2,0,1,0,2,0,0,0,0,2,0,0,2,2,0,0,0,0,2,1,0,0,2,0,1,0,1
浙江聚力文化发展股份有限公司,2017,2,0,2,0,0,0,0,0,0,0,0,0,0,1,0,0,1,0,2,0,0,0,0,0,0,1,2,2,0,0,0,0,0,0,0,0,2,0,1,0,1
浙江聚力文化发展股份有限公司,2018,0,0,0,0,2,1,0,0,0,0,0,0,0,0,0,0,0,2,0,0,0,0,2,0,0,1,1,0,0,0,0,2,0,0,2,0,1,0,0,0,1
安徽德豪润达电气股份有限公司,2018,0,0,0,0,0,0,0,0,0,1,0,0,0,0,2,1,0,1,0,2,0,0,0,2,0,0,0,0,2,1,0,0,0,0,2,0,2,0,0,0,0
华讯方舟股份有限公司,2016,1,0,2,2,0,0,0,0,0,2,1,1,2,0,0,2,1,0,2,0,1,0,0,0,0,1,0,2,0,2,1,0,2,2,0,0,2,0,0,0,1
华讯方舟股份有限公司,2017,1,0,0,0,2,0,0,0,0,2,1,1,2,0,0,0,0,0,0,0,1,2,0,1,2,0,1,2,0,0,2,0,0,2,0,0,1,0,0,0,1
华讯方舟股份有限公司,2018,1,0,0,0,0,1,0,0,0,1,1,2,2,0,0,0,0,1,2,0,1,0,0,0,0,1,0,2,0,0,0,0,0,0,2,0,1,0,0,1,1
厦门安妮股份有限公司,2015,1,0,0,0,0,0,0,0,0,0,0,1,0,0,0,0,0,0,2,0,0,0,0,0,0,0,1,2,0,0,0,0,2,0,0,0,0,0,1,0,1
广东榕泰实业股份有限公司,2018,1,0,2,0,0,0,1,0,0,0,0,2,0,0,0,0,0,0,0,0,0,0,0,0,0,1,0,2,0,0,0,2,0,0,2,0,1,0,0,0,1
广东榕泰实业股份有限公司,2019,0,1,0,0,0,1,1,0,0,0,0,2,0,0,2,0,0,1,0,1,0,0,0,0,0,0,1,0,0,0,0,0,0,0,2,0,1,0,0,0,1
深圳市同洲电子股份有限公司,2014,0,0,0,0,1,0,0,0,0,0,0,0,0,0,0,0,0,1,0,0,0,0,0,0,0,0,0,0,0,0,0,0,0,0,2,0,0,0,0,0,1
深圳市同洲电子股份有限公司,2015,0,2,0,0,1,0,1,0,0,0,0,0,0,0,2,1,0,0,2,0,1,1,0,0,0,0,1,0,0,2,0,0,2,2,2,0,0,0,1,1,1
深圳市同洲电子股份有限公司,2016,0,0,0,0,1,1,0,0,0,0,0,0,0,0,2,0,0,1,0,1,0,0,0,0,0,0,0,0,0,0,0,0,0,0,2,0,0,0,0,0,1
中信国安信息产业股份有限公司,2014,0,1,0,0,0,0,0,0,0,0,0,0,0,0,0,0,0,0,0,0,0,0,0,0,0,0,2,0,0,1,0,0,0,0,0,0,0,0,0,0,1
浙江亚太药业股份有限公司,2016,0,0,2,0,0,0,0,0,0,0,0,0,0,0,1,0,2,0,2,0,0,0,2,0,0,0,0,2,0,0,0,2,0,1,0,0,0,0,0,0,1
浙江亚太药业股份有限公司,2017,2,0,0,0,0,0,0,2,0,0,2,0,0,0,0,0,0,0,0,1,2,0,0,1,0,0,2,1,0,0,0,0,0,0,0,0,0,0,0,0,1
浙江亚太药业股份有限公司,2018,2,0,0,0,0,0,2,0,0,0,2,2,0,1,0,0,0,0,2,1,2,0,2,0,0,1,2,2,0,0,0,0,0,0,2,0,0,0,0,0,1
新疆天山畜牧生物工程股份有限公司,2017,0,0,0,0,0,0,0,0,0,0,0,0,2,0,0,0,0,0,2,0,0,1,1,0,0,0,0,2,0,2,1,0,2,2,2,0,1,0,1,1,0
新疆天山畜牧生物工程股份有限公司,2018,0,0,0,0,0,1,0,0,0,1,0,0,0,1,0,0,0,2,0,0,0,0,2,0,0,1,2,0,0,0,0,0,0,0,2,0,1,0,0,1,1
康得新复合材料集团股份有限公司,2015,0,0,0,2,0,0,0,0,0,0,0,0,0,0,0,2,0,0,0,0,0,0,0,1,0,0,1,0,0,0,0,0,0,0,0,0,2,0,0,0,1
康得新复合材料集团股份有限公司,2016,0,0,0,2,2,0,1,0,2,0,0,0,0,0,1,2,0,0,0,1,0,0,2,0,0,0,0,2,0,0,0,0,0,0,0,0,0,0,0,0,1
康得新复合材料集团股份有限公司,2017,0,0,0,2,0,0,0,0,0,1,0,0,0,0,0,2,0,1,0,0,0,0,1,1,1,0,1,0,0,0,0,0,0,0,0,1,0,0,2,0,1
康得新复合材料集团股份有限公司,2018,0,0,1,0,2,0,0,0,2,2,0,0,0,0,2,2,0,2,1,0,0,2,2,2,0,0,1,0,2,0,2,0,0,1,2,2,0,0,1,0,1
新疆亿路万源实业控股股份有限公司,2014,0,0,0,0,0,1,0,0,1,0,0,0,0,0,0,0,0,0,0,0,0,0,0,0,0,0,1,1,0,1,0,0,0,0,0,0,1,0,0,0,1
新疆亿路万源实业控股股份有限公司,2015,0,2,0,0,0,2,0,0,0,0,0,0,0,0,0,0,0,2,0,0,0,1,2,0,0,0,0,0,0,2,0,0,1,2,0,1,2,0,0,0,1
新疆亿路万源实业控股股份有限公司,2016,0,0,2,0,1,1,0,0,1,0,1,0,0,0,0,1,1,0,2,0,0,1,0,0,0,0,1,2,0,0,0,1,0,1,0,1,0,0,0,0,1
新疆亿路万源实业控股股份有限公司,2017,0,2,2,0,0,1,0,0,1,0,0,0,0,0,1,0,1,1,2,0,0,1,1,0,0,0,0,2,0,2,0,0,0,2,0,1,0,0,2,0,1
冠福控股股份有限公司,2017,2,0,2,0,0,1,0,2,0,0,0,2,2,0,0,0,0,0,1,1,2,0,0,0,0,0,2,1,0,0,0,0,0,0,2,0,2,0,0,0,1
冠福控股股份有限公司,2018,2,0,0,0,0,0,0,2,0,0,0,2,0,0,0,0,1,1,0,1,2,0,2,1,0,0,2,0,0,0,0,1,0,0,2,0,1,0,0,0,1
中珠医疗控股股份有限公司,2017,1,2,2,0,0,2,0,0,0,0,0,2,0,0,0,1,0,0,0,0,0,0,0,0,0,0,1,0,0,2,0,0,0,0,2,0,2,1,0,0,1
中珠医疗控股股份有限公司,2018,0,0,0,0,2,0,0,0,2,1,1,2,0,0,0,1,0,2,0,0,0,0,2,0,0,0,0,2,0,0,0,0,0,0,2,1,1,0,1,0,1
欧浦智网股份有限公司,2017,1,0,0,0,1,0,0,1,0,2,0,2,2,0,2,0,1,0,2,0,1,0,0,0,0,0,0,0,0,0,0,0,0,1,0,1,0,0,1,0,1
欧浦智网股份有限公司,2018,0,0,0,0,0,0,1,0,1,1,0,0,0,1,0,2,0,1,0,0,0,0,1,0,0,0,2,2,0,1,0,0,0,0,2,0,0,0,0,2,1
华仪电气股份有限公司,2017,0,0,0,0,1,0,0,0,1,0,0,0,0,0,0,0,0,0,2,0,0,0,0,0,0,0,1,2,0,1,0,0,2,0,0,1,0,0,0,1,1
华仪电气股份有限公司,2018,0,0,0,0,1,0,0,0,0,0,0,0,0,0,0,0,0,1,0,0,0,0,0,0,0,0,0,0,0,0,0,0,0,0,2,0,0,0,0,1,1
华仪电气股份有限公司,2019,0,0,0,0,1,0,1,0,1,1,0,0,0,0,0,0,0,1,0,0,1,0,0,2,0,0,1,1,2,0,0,0,0,0,2,0,0,0,0,0,1
辅仁药业集团制药股份有限公司,2015,0,0,0,0,0,2,0,0,0,0,0,0,0,0,0,2,0,0,0,0,0,0,0,0,0,0,0,0,0,0,0,0,2,0,0,0,0,0,0,0,0
辅仁药业集团制药股份有限公司,2016,0,0,0,0,0,0,0,0,0,0,0,0,0,0,0,0,0,0,2,0,0,0,0,0,0,0,0,2,0,0,0,1,0,0,0,0,0,1,0,2,0
辅仁药业集团制药股份有限公司,2017,0,0,2,0,1,0,0,0,0,2,1,0,0,0,2,1,1,0,2,1,1,2,1,0,0,0,0,2,0,1,0,1,2,0,2,0,0,0,0,1,1
辅仁药业集团制药股份有限公司,2018,0,0,0,0,0,0,0,0,0,0,0,0,0,1,0,0,0,0,2,0,1,0,1,0,0,0,0,2,0,0,0,0,0,0,2,0,2,0,0,0,1
延安必康制药股份有限公司,2015,2,0,0,0,2,2,0,0,0,0,2,2,2,0,2,1,2,0,0,0,0,0,0,2,0,1,2,2,0,0,2,0,2,1,0,0,2,0,2,0,1
延安必康制药股份有限公司,2016,2,0,0,0,0,1,0,0,1,0,2,0,0,0,0,0,1,0,2,1,0,0,0,0,0,0,2,2,0,0,0,0,0,0,0,0,0,0,2,0,1
延安必康制药股份有限公司,2017,2,0,2,0,2,0,0,0,0,2,2,0,0,0,1,0,2,2,2,0,2,2,0,0,0,0,2,2,0,0,0,2,0,0,0,0,0,0,2,0,1
延安必康制药股份有限公司,2018,2,0,0,0,0,0,0,0,0,0,1,2,0,0,0,0,1,0,0,0,2,0,0,0,0,1,2,1,0,0,0,0,0,0,2,0,0,0,0,0,1
浙江仁智股份有限公司,2017,0,0,2,0,0,1,0,0,0,0,0,0,0,0,1,0,1,1,2,0,0,1,1,0,0,0,0,0,0,0,0,1,0,1,0,0,1,0,0,0,1
海润光伏科技股份有限公司,2016,0,0,0,0,2,1,0,0,0,2,0,0,1,0,0,0,0,2,0,1,1,0,2,0,0,1,1,0,0,0,0,0,0,0,2,0,1,0,1,2,1
惠而浦(中国)股份有限公司,2015,0,0,0,0,1,0,0,0,0,1,0,0,0,0,0,0,0,0,0,0,0,0,0,0,0,0,0,0,0,0,0,0,0,0,0,0,0,0,2,0,1
惠而浦(中国)股份有限公司,2016,0,0,0,0,0,0,0,0,1,0,1,0,0,0,0,0,0,0,2,0,0,0,0,0,0,0,0,2,0,0,0,0,0,0,0,0,0,0,0,0,1
维维食品饮料股份有限公司,2017,0,0,0,0,0,0,0,0,0,0,0,0,0,0,0,0,0,0,0,0,0,0,0,0,0,0,0,2,0,0,0,0,0,0,0,0,2,0,0,0,0
维维食品饮料股份有限公司,2018,0,0,0,0,0,0,0,0,0,0,0,0,0,0,0,1,0,0,0,0,0,0,0,0,0,0,0,0,0,1,0,0,0,0,2,0,1,0,0,1,0
维维食品饮料股份有限公司,2019,0,0,0,0,0,0,0,0,0,0,0,0,0,0,1,0,0,0,0,0,0,0,0,0,0,0,0,2,0,2,0,0,1,0,2,0,1,0,0,1,0
林州重机集团股份有限公司,2017,0,0,0,0,2,0,0,0,2,1,1,0,0,0,2,1,0,2,0,1,0,0,2,2,0,0,0,2,0,1,0,0,0,0,2,0,0,0,0,1,1
宁波东力股份有限公司,2017,1,0,2,0,2,2,0,0,0,2,0,1,0,0,1,2,2,2,2,0,1,2,0,0,0,0,0,0,0,0,0,2,0,0,0,0,2,0,1,2,1
宁波东力股份有限公司,2018,0,1,0,0,0,1,0,1,0,0,0,0,1,0,0,1,0,1,0,1,0,0,1,0,0,0,1,0,0,0,0,0,0,1,2,0,1,0,0,1,1
安通控股股份有限公司,2018,0,0,0,0,2,1,0,0,2,0,0,0,0,0,0,0,2,2,0,1,0,0,2,0,0,0,1,2,0,0,0,0,0,0,0,0,0,0,0,0,0
安通控股股份有限公司,2019,0,0,0,0,0,0,0,0,0,1,0,0,0,0,0,2,0,1,0,1,0,0,0,0,0,0,1,0,0,0,0,0,0,0,0,0,0,0,0,2,1
恺英网络股份有限公司,2018,2,0,0,0,0,0,1,0,0,0,0,2,0,1,0,0,0,1,0,0,2,0,0,2,0,0,2,0,0,0,0,0,0,0,2,0,0,0,0,0,1
康得新复合材料集团股份有限公司,2015,0,0,0,2,0,0,0,0,0,0,0,0,0,0,0,2,0,0,0,0,0,0,0,1,0,0,1,0,0,0,0,0,0,0,0,0,2,0,0,0,1
康得新复合材料集团股份有限公司,2016,0,0,0,2,2,0,1,0,2,0,0,0,0,0,1,2,0,0,0,1,0,0,2,0,0,0,0,2,0,0,0,0,0,0,0,0,0,0,0,0,1
康得新复合材料集团股份有限公司,2017,0,0,0,2,0,0,0,0,0,1,0,0,0,0,0,2,0,1,0,0,0,0,1,1,1,0,1,0,0,0,0,0,0,0,0,1,0,0,2,0,1
康得新复合材料集团股份有限公司,2018,0,0,1,0,2,0,0,0,2,2,0,0,0,0,2,2,0,2,1,0,0,2,2,2,0,0,1,0,2,0,2,0,0,1,2,2,0,0,1,0,1
上海富控互动娱乐股份有限公司,2014,0,0,0,0,0,0,0,0,0,0,0,0,0,0,0,0,0,0,0,0,0,0,0,1,0,0,1,0,0,0,0,0,0,0,0,0,0,0,0,0,1
上海富控互动娱乐股份有限公司,2015,0,0,0,0,2,0,0,0,0,0,0,0,0,0,0,0,0,0,0,0,0,0,2,0,0,0,1,2,0,0,2,2,0,0,0,0,0,0,1,0,1
上海富控互动娱乐股份有限公司,2016,2,2,2,0,0,1,0,0,0,2,2,1,0,0,0,1,0,2,0,1,0,2,2,0,0,0,2,2,0,2,0,2,0,2,0,0,0,0,2,0,1
上海富控互动娱乐股份有限公司,2017,2,0,0,0,0,0,1,0,0,0,0,1,0,0,0,2,0,0,2,0,0,0,0,0,0,0,2,2,0,1,0,0,2,0,0,0,0,0,1,0,1
上海富控互动娱乐股份有限公司,2018,0,0,0,0,0,1,0,0,0,1,0,0,0,0,2,0,0,2,0,0,0,0,2,0,0,0,2,0,0,1,0,0,0,0,2,0,1,0,0,2,1
奥瑞德光电股份有限公司,2016,2,0,0,0,2,0,0,0,2,0,0,1,1,0,0,2,0,0,0,0,0,0,0,0,0,0,2,1,0,0,2,2,0,0,0,0,0,0,1,0,1
奥瑞德光电股份有限公司,2017,2,0,0,0,2,1,0,0,2,1,0,1,1,0,0,0,0,2,0,0,0,0,2,0,0,0,2,1,0,0,0,2,0,0,0,0,0,0,0,1,1
奥瑞德光电股份有限公司,2018,1,1,0,0,2,1,0,0,2,1,0,2,2,0,2,2,0,2,0,0,0,0,2,0,0,1,1,2,2,1,0,2,0,0,2,0,1,0,0,2,1
斯太尔动力股份有限公司,2014,0,0,0,0,0,0,0,0,0,0,0,0,0,0,0,0,0,0,0,0,1,0,0,1,0,0,0,0,0,0,0,0,0,0,0,0,0,0,0,0,1
斯太尔动力股份有限公司,2015,2,1,0,0,0,1,0,2,2,0,0,0,0,0,0,0,0,2,0,0,2,0,2,0,0,0,2,1,0,0,0,0,0,0,0,1,1,0,0,1,1
斯太尔动力股份有限公司,2016,2,1,0,0,2,0,0,2,2,0,2,0,2,0,0,2,0,0,2,1,2,0,0,0,0,0,2,2,0,1,2,0,2,0,0,0,2,0,2,0,1
长城国际动漫游戏股份有限公司,2017,2,2,0,0,0,2,0,0,1,0,0,2,2,0,2,0,0,0,2,1,2,0,0,2,0,0,2,2,0,2,1,0,2,0,2,0,2,0,1,0,1
深圳市飞马国际供应链股份有限公司,2018,1,0,0,0,0,2,0,0,1,2,0,2,0,0,2,2,0,1,0,0,1,2,1,0,0,1,0,2,0,0,0,0,0,1,2,0,2,0,0,0,1
南京康尼机电股份有限公司,2015,0,0,0,0,0,1,0,0,0,0,2,0,0,0,0,0,0,0,0,0,0,0,0,0,0,1,0,0,0,0,0,0,0,0,0,0,0,0,2,0,1
南京康尼机电股份有限公司,2016,0,0,0,0,1,0,0,0,0,0,0,0,0,0,0,0,0,0,0,0,0,0,0,0,0,0,0,0,0,0,0,0,0,0,0,0,0,0,0,0,1
南京康尼机电股份有限公司,2017,1,0,0,0,2,1,0,0,2,0,0,1,2,0,0,0,0,0,2,0,0,0,2,0,2,0,1,2,0,0,0,0,0,0,0,0,0,0,0,0,1
东方金钰股份有限公司,2016,0,0,0,0,0,0,0,1,2,2,0,0,2,0,0,0,0,2,2,1,1,2,2,0,0,0,1,2,0,0,2,2,0,1,0,1,1,0,0,0,1
东方金钰股份有限公司,2017,0,2,0,0,0,0,0,1,2,2,0,0,2,0,0,0,2,2,0,1,0,2,2,0,0,0,0,2,0,2,0,2,0,2,2,1,1,0,0,1,1
东方金钰股份有限公司,2018,0,0,0,0,0,1,0,1,0,1,0,0,1,0,0,0,0,0,0,0,0,0,1,0,0,0,0,0,0,0,0,0,0,0,2,1,1,0,0,1,1
哈尔滨工大高新技术产业开发股份有限公司,2016,1,2,2,0,2,2,0,1,2,0,1,0,2,0,2,0,2,2,2,0,1,0,2,0,0,1,1,2,2,0,0,2,0,2,0,0,2,0,0,0,1
哈尔滨工大高新技术产业开发股份有限公司,2017,0,0,0,0,0,2,0,0,2,0,0,0,0,0,0,2,2,2,2,1,1,0,2,2,0,0,1,2,0,0,0,2,2,1,0,1,2,0,0,2,1
深圳市索菱实业股份有限公司,2016,0,0,0,0,0,0,0,0,0,0,0,0,0,0,0,0,0,0,0,0,0,0,0,0,0,0,1,0,0,0,0,0,0,0,0,0,1,0,0,0,1
深圳市索菱实业股份有限公司,2017,1,0,0,0,0,0,0,0,1,0,0,0,0,0,1,0,1,0,0,0,0,0,0,0,0,0,1,2,0,0,0,0,2,0,0,0,0,0,2,0,1
深圳市索菱实业股份有限公司,2018,1,0,0,0,1,1,0,0,1,0,0,2,0,1,2,0,0,0,2,0,0,0,0,0,0,1,0,2,0,0,0,0,0,1,2,0,0,0,0,0,1
甘肃皇台酒业股份有限公司,2016,0,0,0,0,0,1,0,1,0,0,0,0,2,0,1,0,1,1,2,1,0,0,0,0,0,0,1,0,0,0,0,0,0,0,0,0,0,0,0,1,1
浙江尤夫高新纤维股份有限公司,2017,1,0,0,0,1,0,0,0,0,2,2,2,0,0,1,1,0,0,0,0,0,0,0,0,0,1,0,1,0,0,0,0,0,0,2,0,0,0,0,0,1
浙江尤夫高新纤维股份有限公司,2018,1,0,0,0,0,1,0,0,0,0,0,2,0,0,0,2,0,0,0,0,0,0,0,0,0,0,0,0,0,0,0,0,0,0,2,0,0,0,0,1,1
重庆博腾制药科技股份有限公司,2018,0,0,2,0,0,0,2,0,0,0,0,0,0,0,2,1,0,0,2,1,0,0,0,0,0,0,0,0,0,0,0,0,0,0,2,0,1,0,2,0,1
新光圆成股份有限公司,2018,0,0,0,0,0,1,0,0,0,1,0,0,0,0,2,0,0,0,0,0,0,0,1,0,0,0,1,0,0,0,0,0,0,0,2,0,1,0,0,1,1
江苏蓝丰生物化工股份有限公司,2016,1,0,0,0,0,0,0,0,0,0,0,1,0,0,0,0,0,0,2,0,0,0,0,0,0,0,0,0,0,0,0,0,2,0,0,0,0,0,0,1,1
江苏蓝丰生物化工股份有限公司,2017,1,0,0,0,0,1,0,0,0,1,0,1,0,0,0,0,0,0,0,0,0,0,0,0,0,0,0,0,0,0,0,0,0,0,0,0,0,0,0,1,1
浙江大东南股份有限公司,2016,0,0,0,0,0,0,0,0,1,0,0,1,0,0,2,0,0,2,0,0,0,0,1,2,0,0,0,0,2,0,0,0,0,0,0,0,1,0,0,0,1
浙江大东南股份有限公司,2017,0,0,0,0,0,0,0,0,0,0,0,0,0,0,0,1,0,2,0,2,0,0,1,1,0,0,0,0,2,0,0,0,0,0,0,0,1,0,0,0,0
浙江大东南股份有限公司,2018,0,0,1,0,0,0,0,0,0,0,0,0,0,0,2,1,0,0,2,0,0,0,0,0,0,0,0,0,0,2,0,0,1,1,2,0,1,0,1,0,0
江苏辉丰生物农业股份有限公司,2016,0,0,2,0,0,0,1,0,0,2,0,0,0,0,2,0,2,2,2,1,1,0,2,0,0,1,0,0,0,0,0,0,0,0,2,1,1,0,0,0,1
江苏辉丰生物农业股份有限公司,2017,0,0,0,0,2,0,0,0,2,1,0,0,2,0,2,0,0,2,2,0,1,0,2,0,0,0,0,2,0,0,2,0,2,0,2,0,0,0,0,0,1
湖南千山制药机械股份有限公司,2015,1,0,0,0,2,1,0,0,0,0,2,1,0,0,1,2,0,0,0,0,0,0,0,1,0,0,0,0,0,1,0,0,0,0,0,0,0,0,2,2,1
湖南千山制药机械股份有限公司,2016,0,1,0,0,2,0,1,0,0,2,1,0,0,0,0,0,2,2,0,0,0,0,2,1,0,0,1,0,0,1,0,2,0,0,0,0,2,0,0,0,1
湖南千山制药机械股份有限公司,2017,0,1,0,0,2,1,0,0,2,2,0,0,2,0,1,0,0,0,0,1,0,2,2,0,0,0,1,2,0,0,0,0,0,1,0,1,1,0,0,1,1
北海银河生物产业投资股份有限公司,2016,0,0,2,0,0,0,0,0,0,0,0,0,0,0,1,0,2,0,2,0,0,0,2,0,0,0,1,0,0,0,0,0,0,0,0,0,0,0,0,0,1
北海银河生物产业投资股份有限公司,2017,0,0,0,0,2,1,0,0,0,0,0,0,0,0,0,0,0,2,0,0,0,0,2,0,0,1,1,0,0,2,0,0,0,0,0,0,0,0,2,0,1
北海银河生物产业投资股份有限公司,2018,0,0,0,0,0,1,1,0,1,0,0,0,0,1,0,0,0,1,0,0,0,0,0,0,0,0,1,2,0,0,0,0,0,0,2,1,1,0,0,1,1
凯迪生态环境科技股份有限公司,2015,0,1,0,0,0,2,0,1,0,1,2,0,2,0,2,0,0,0,2,0,0,0,0,2,0,0,0,2,0,1,2,0,2,0,2,0,2,0,2,0,1
凯迪生态环境科技股份有限公司,2016,0,0,0,2,0,0,0,0,2,0,0,0,2,0,2,2,2,0,0,0,0,0,0,2,0,0,0,2,0,1,2,0,0,0,2,0,1,0,0,0,1
凯迪生态环境科技股份有限公司,2017,0,0,0,0,2,1,1,0,2,0,0,0,2,0,2,2,0,2,0,0,0,0,0,0,0,0,1,2,0,0,0,0,0,0,2,0,0,0,0,2,1
上海飞乐音响股份有限公司,2017,0,1,0,0,0,0,0,1,0,0,0,0,0,0,0,2,0,0,0,0,0,0,1,0,0,0,0,0,0,2,0,0,0,0,0,1,1,0,0,0,1
高升控股股份有限公司,2018,2,1,0,0,2,1,1,0,2,0,0,2,0,1,0,0,0,2,0,1,0,0,2,0,0,0,2,1,0,1,0,0,0,0,2,0,0,0,0,0,1
山东东方海洋科技股份有限公司,2016,1,0,0,0,0,0,0,0,0,0,2,2,2,0,2,0,0,0,0,0,0,0,0,2,0,1,1,0,0,0,0,0,2,0,2,0,2,0,2,1,1
山东东方海洋科技股份有限公司,2017,0,0,0,0,1,0,0,0,0,0,1,2,2,0,0,0,0,0,0,0,0,0,0,2,0,0,1,0,0,0,0,0,2,0,2,0,1,0,0,0,1
山东东方海洋科技股份有限公司,2018,0,1,0,0,2,1,0,0,2,0,0,0,2,0,0,0,0,2,0,1,0,0,2,0,0,0,1,2,0,0,0,2,0,0,2,0,1,0,1,0,1
加加食品集团股份有限公司,2017,0,0,0,0,0,0,0,0,0,0,0,0,0,0,0,2,0,0,0,1,0,0,0,2,0,0,0,0,0,0,0,0,0,0,2,0,0,0,0,0,0
重庆三圣实业股份有限公司,2018,0,0,0,0,0,1,0,0,0,2,0,2,0,0,0,0,1,0,0,0,0,0,1,0,0,0,0,0,0,0,0,0,0,0,2,0,0,0,0,0,1
广东风华高新科技股份有限公司,2015,0,0,0,0,2,0,0,0,0,0,0,0,0,0,0,0,0,1,0,0,0,0,0,0,0,0,1,0,0,0,0,0,0,0,0,0,0,0,0,0,1
广东风华高新科技股份有限公司,2016,0,0,0,0,0,0,0,0,0,0,0,0,0,0,0,0,0,0,0,0,0,0,0,0,0,0,1,0,0,1,0,0,0,0,0,0,0,0,2,0,1
凯瑞德控股股份有限公司,2014,0,0,0,0,0,1,0,0,0,2,0,0,0,0,0,0,0,0,0,0,1,0,0,0,0,0,0,0,0,1,0,0,0,0,0,0,0,0,0,0,0
康美药业股份有限公司,2016,0,0,0,2,0,0,0,0,0,0,0,0,2,0,0,0,0,0,0,1,0,0,0,0,0,0,1,2,0,0,0,0,0,0,0,0,2,0,0,0,1
康美药业股份有限公司,2017,0,0,0,2,0,0,1,0,0,0,0,0,2,0,0,0,0,0,0,1,0,0,0,1,0,0,0,2,0,0,0,0,0,0,0,0,2,0,0,0,1
康美药业股份有限公司,2018,0,0,0,0,1,0,0,1,1,0,2,0,1,1,2,0,0,0,0,0,0,0,0,2,0,0,1,1,0,0,0,0,0,1,2,0,1,0,0,1,1
济南高新发展股份有限公司,2014,0,0,0,0,0,0,0,0,1,2,0,0,0,0,0,0,0,0,0,0,0,0,0,0,0,0,1,1,0,0,0,0,0,0,0,0,0,0,0,0,1
济南高新发展股份有限公司,2015,0,0,0,0,2,0,0,0,2,0,0,0,0,0,0,0,0,0,0,0,0,0,2,0,0,1,1,1,0,0,0,0,0,0,0,1,2,0,1,0,1
济南高新发展股份有限公司,2016,0,0,0,0,2,2,0,0,2,0,2,0,0,0,0,0,2,0,0,1,0,0,2,0,0,1,1,1,0,2,0,2,0,2,0,1,2,0,2,1,1
济南高新发展股份有限公司,2017,0,0,0,0,2,0,0,0,2,2,0,0,0,0,1,0,0,2,0,0,0,0,0,0,0,1,1,2,0,0,0,2,0,1,0,1,0,0,0,1,1
海南神农科技股份有限公司,2014,0,0,0,0,0,0,0,0,0,0,0,0,0,0,0,0,0,1,0,0,0,0,0,0,0,0,0,0,0,0,0,0,0,0,0,0,1,0,0,0,1
海南神农科技股份有限公司,2015,0,2,0,0,1,0,2,0,0,2,2,0,0,0,1,1,0,0,2,0,0,0,0,0,0,0,0,2,0,2,0,0,2,2,0,0,1,0,2,0,1
海南神农科技股份有限公司,2016,0,0,2,0,2,0,0,0,0,0,0,0,0,0,1,0,2,2,2,1,1,1,2,1,0,0,0,2,0,2,0,2,2,2,0,0,0,0,0,1,1
欢瑞世纪联合股份有限公司,2016,0,0,2,0,2,1,0,0,0,0,1,0,0,0,0,2,2,2,2,0,0,1,0,1,0,0,1,0,0,0,2,0,2,1,0,0,1,0,0,0,1
獐子岛集团股份有限公司,2016,0,0,1,0,0,0,0,0,0,2,0,0,1,0,0,2,0,0,1,0,0,1,0,0,0,0,0,1,0,2,0,0,2,1,0,0,2,0,0,2,1
獐子岛集团股份有限公司,2017,0,0,0,0,0,0,0,0,0,0,0,0,1,0,0,0,0,0,0,0,0,0,0,0,0,0,0,2,0,1,0,0,0,0,0,0,1,0,0,2,1
天马轴承集团股份有限公司,2017,0,2,0,0,0,2,2,0,0,2,2,0,0,0,0,0,0,0,0,0,0,2,2,0,0,0,1,2,0,2,0,0,2,2,0,0,2,0,2,1,1
抚顺特殊钢股份有限公司,2014,0,0,0,0,0,0,0,0,0,1,0,0,0,0,0,0,0,1,0,0,0,0,0,0,0,0,0,0,0,0,0,0,0,0,0,0,0,0,0,0,0
抚顺特殊钢股份有限公司,2015,0,2,0,2,1,0,0,0,0,1,0,0,0,0,0,0,0,0,0,0,0,0,0,1,0,0,0,0,0,2,0,0,2,0,0,0,0,0,0,2,0
抚顺特殊钢股份有限公司,2016,0,0,0,0,2,0,0,0,0,1,0,0,0,0,1,0,0,2,0,0,0,0,0,0,0,0,0,0,0,0,0,0,0,0,0,0,0,0,0,0,0
抚顺特殊钢股份有限公司,2017,0,0,0,2,0,0,0,0,0,1,0,0,0,0,0,0,0,1,0,0,0,0,0,0,0,0,0,2,2,1,0,0,0,0,0,0,0,0,0,2,1
盈方微电子股份有限公司,2015,2,0,2,0,0,2,2,0,0,0,2,0,0,1,0,0,1,1,2,0,2,0,0,0,2,0,2,2,0,0,0,0,0,0,0,0,2,0,2,0,1
成都天翔环境股份有限公司,2018,1,0,0,0,2,1,1,0,2,1,0,2,2,0,2,0,0,2,0,0,0,0,2,0,2,1,0,2,0,0,0,0,0,0,2,0,1,0,0,2,1
成都华泽钴镍材料股份有限公司,2016,0,0,0,0,2,1,0,0,0,2,0,0,1,0,0,0,0,2,0,2,1,2,2,0,0,0,0,0,2,0,0,2,0,1,1,0,0,0,0,0,1
广东广州日报传媒股份有限公司,2014,0,0,0,0,0,0,0,0,0,0,0,0,0,0,0,0,0,0,0,0,0,0,0,0,0,0,0,0,0,0,0,0,0,0,0,0,0,0,0,0,0
广东广州日报传媒股份有限公司,2015,0,0,0,0,0,1,0,0,0,0,2,0,0,0,0,0,0,0,1,0,0,0,0,0,0,0,0,0,2,0,0,0,2,0,0,0,2,0,2,0,1
深圳美丽生态股份有限公司,2015,1,2,2,2,2,0,0,1,2,0,0,1,2,0,1,2,2,0,2,0,0,0,2,0,2,1,1,2,0,2,2,2,0,2,0,1,2,1,2,2,1
中兵红箭股份有限公司,2014,0,0,0,0,0,0,0,0,0,0,0,0,0,0,0,0,0,0,0,0,0,0,0,0,0,0,0,0,0,0,0,0,0,0,0,0,0,0,0,0,0
中兵红箭股份有限公司,2015,0,0,0,0,0,0,0,0,0,0,0,0,0,0,0,0,0,0,0,0,0,0,0,0,0,0,0,0,0,0,0,0,0,0,0,0,0,0,0,0,0
中兵红箭股份有限公司,2016,0,0,0,0,0,0,0,0,0,0,0,0,0,0,0,0,0,0,0,0,0,0,0,0,0,0,0,0,0,0,0,0,0,0,0,0,0,0,0,0,0
新疆浩源天然气股份有限公司,2017,0,0,0,0,0,0,0,0,0,0,0,0,0,0,0,0,0,0,2,0,0,0,0,0,0,0,0,0,0,0,0,0,0,0,0,0,1,0,0,0,1
深圳市联建光电股份有限公司,2014,0,0,0,0,0,0,0,0,0,0,0,0,0,0,0,0,0,0,0,0,0,0,0,0,0,0,0,0,0,0,0,0,0,0,0,0,1,0,0,0,1
深圳市联建光电股份有限公司,2015,2,0,0,0,0,0,0,0,0,0,0,0,0,0,1,0,1,0,0,0,0,0,0,0,0,0,2,0,0,0,0,0,0,1,0,0,0,0,0,0,1
深圳市联建光电股份有限公司,2016,2,0,0,0,0,2,0,0,0,0,2,1,0,0,0,2,1,0,2,0,2,0,0,1,0,0,2,0,0,0,0,0,0,1,0,0,2,0,2,0,1
深圳市联建光电股份有限公司,2017,2,0,0,0,0,1,0,0,0,0,1,2,0,0,0,0,0,0,0,0,0,0,1,0,0,0,2,0,0,1,0,0,0,0,2,0,1,0,0,0,1
海南海药股份有限公司,2016,0,0,0,0,0,0,0,0,0,0,1,0,0,0,0,0,0,0,0,0,0,0,0,0,0,0,0,0,0,0,0,0,0,0,0,0,0,0,2,0,0
湖南尔康制药股份有限公司,2015,0,0,0,0,0,0,0,0,0,0,0,0,0,0,0,0,0,0,0,0,0,0,0,0,0,1,0,0,0,0,0,0,2,0,0,0,2,0,0,0,1
湖南尔康制药股份有限公司,2016,0,0,0,0,0,0,0,0,0,0,2,0,0,0,0,0,1,0,0,0,1,0,0,0,0,0,1,1,0,0,0,0,0,0,0,0,2,0,2,0,1
宁波圣莱达电器股份有限公司,2015,0,0,0,0,0,1,0,0,0,0,2,0,0,0,0,0,0,2,0,0,1,0,2,0,0,0,1,0,2,0,0,0,0,0,0,2,1,0,0,0,1
福建众和股份有限公司,2016,0,0,2,0,2,0,0,0,0,1,1,0,0,0,0,0,0,2,2,0,0,0,0,0,0,0,1,0,2,0,2,2,2,0,0,0,1,0,0,2,0
福建众和股份有限公司,2017,0,0,0,0,0,1,0,0,0,0,0,0,0,0,0,0,0,1,0,0,0,0,0,0,0,0,2,2,2,0,0,0,0,0,0,0,0,0,0,2,1
武汉凡谷电子技术股份有限公司,2016,0,0,0,0,0,0,0,0,0,0,0,0,0,0,0,0,0,1,0,0,0,0,0,0,0,0,0,0,0,0,0,0,0,0,0,0,0,0,0,0,1
广东超华科技股份有限公司,2014,0,0,0,0,0,0,0,0,2,0,0,0,0,0,0,0,0,2,0,0,0,0,0,0,0,0,0,0,0,1,0,0,0,0,0,0,0,0,0,0,1
金亚科技股份有限公司,2014,0,0,0,0,0,1,0,0,0,1,0,0,0,0,0,0,0,0,0,0,1,0,0,0,0,0,0,0,0,0,0,0,0,0,0,0,0,0,0,0,1
青岛中资中程集团股份有限公司,2014,0,0,0,0,0,0,0,0,0,0,0,0,0,0,0,0,0,0,0,0,0,0,0,0,0,0,2,0,0,0,0,0,0,0,0,0,0,0,0,0,0
哈尔滨电气集团佳木斯电机股份有限公司,2014,0,0,0,0,0,0,0,0,0,0,0,0,0,0,0,0,0,0,0,0,0,0,0,0,0,0,0,0,0,0,0,0,0,0,0,0,0,0,0,0,0
哈尔滨电气集团佳木斯电机股份有限公司,2015,0,0,0,0,0,0,0,0,0,0,0,0,0,0,0,0,0,0,0,0,0,0,0,0,0,0,0,0,0,0,0,0,0,0,2,0,0,0,0,0,0
江苏澄星磷化工股份有限公司,2014,0,0,0,0,0,0,0,1,0,0,0,0,0,0,0,0,0,0,0,0,0,0,0,0,0,0,0,0,0,0,0,0,0,0,0,0,0,0,0,0,0
新疆准东石油技术股份有限公司,2014,0,0,0,1,1,0,0,0,0,0,0,0,0,0,0,0,0,0,0,0,0,0,0,0,0,0,0,0,0,0,0,0,0,0,0,0,0,0,0,0,1
新疆准东石油技术股份有限公司,2015,0,0,0,0,0,0,0,2,0,0,2,0,0,0,0,2,0,1,0,0,0,0,0,0,0,1,2,1,0,0,0,0,0,0,0,0,0,0,2,0,1
新疆准东石油技术股份有限公司,2016,0,0,2,0,2,1,0,2,0,0,0,0,2,0,0,0,0,2,2,0,0,1,2,0,0,0,2,0,2,0,2,2,2,1,0,0,0,0,0,0,0
成都华泽钴镍材料股份有限公司,2014,0,0,0,0,1,0,0,0,0,1,0,0,0,0,0,0,0,0,0,0,0,0,0,0,0,0,0,0,0,0,0,0,0,0,0,0,0,0,0,0,1
成都华泽钴镍材料股份有限公司,2015,0,0,0,0,0,1,0,0,0,1,0,0,0,0,0,0,0,1,0,0,1,0,0,0,0,0,0,2,0,0,0,0,0,0,0,0,0,0,0,0,1
中水集团远洋股份有限公司,2015,0,0,0,0,0,0,0,0,0,0,0,0,0,0,0,0,0,0,0,0,0,0,0,0,0,0,0,0,0,0,0,0,0,0,0,0,0,0,0,0,0
山东雅博科技股份有限公司,2015,0,0,0,0,0,0,0,0,0,0,0,0,2,0,0,0,0,0,2,0,0,1,0,0,0,0,0,0,0,0,0,0,2,0,0,0,0,0,0,0,1
山东雅博科技股份有限公司,2016,0,0,2,0,2,1,0,0,0,2,0,2,1,0,0,0,2,1,2,0,0,2,2,2,0,0,0,1,0,0,1,2,1,0,1,1,0,0,0,0,1
山东墨龙石油机械股份有限公司,2015,0,0,0,0,0,0,0,0,0,0,1,0,0,0,0,2,0,0,0,0,0,0,0,0,0,0,2,1,0,0,0,0,0,0,0,0,1,0,0,2,1
山东墨龙石油机械股份有限公司,2016,0,0,0,0,0,0,0,0,0,0,1,0,0,0,0,0,0,1,0,0,0,0,0,0,0,0,0,0,2,0,0,0,0,0,0,0,1,0,0,0,1
怀集登云汽配股份有限公司,2014,0,0,0,0,0,0,0,0,0,0,0,0,0,0,0,0,0,0,0,0,0,0,0,0,0,0,0,0,0,0,0,0,0,0,0,0,0,0,0,0,1
怀集登云汽配股份有限公司,2015,0,0,0,0,0,0,0,0,1,0,0,0,1,0,0,0,0,1,0,0,0,0,0,0,0,0,0,1,0,0,0,0,0,0,0,0,0,0,0,1,1
鞍山重型矿山机器股份有限公司,2014,0,0,0,0,2,0,0,0,0,0,0,0,0,0,0,1,0,0,0,0,0,0,0,0,0,0,0,0,0,0,2,0,0,0,0,0,1,0,0,0,1
鞍山重型矿山机器股份有限公司,2015,0,0,0,0,2,0,0,0,0,0,0,0,0,0,0,1,0,2,0,0,0,0,0,0,0,0,0,0,0,1,2,0,0,0,0,0,2,0,2,0,1
神马实业股份有限公司,2014,0,0,0,0,0,0,0,0,0,0,0,0,0,0,0,0,0,0,1,0,0,0,0,0,0,0,0,0,0,0,0,0,0,0,0,0,0,0,0,0,0
神马实业股份有限公司,2015,0,0,0,0,0,0,0,0,0,1,0,0,0,0,0,0,0,1,0,0,0,2,2,0,0,0,0,0,0,0,0,0,0,2,0,0,0,0,0,0,0
锐奇控股股份有限公司,2015,0,0,0,0,0,2,0,0,0,0,0,0,0,0,0,0,0,0,0,0,0,0,0,0,0,0,1,0,0,0,0,0,0,1,2,0,2,0,2,0,1
甘肃皇台酒业股份有限公司,2015,0,2,2,0,2,1,1,0,0,2,0,0,0,0,1,0,2,2,2,0,1,2,2,0,0,0,1,0,0,2,2,2,0,2,0,1,0,0,0,1,0
山东恒邦冶炼股份有限公司,2014,0,0,0,0,0,0,0,0,0,0,0,0,0,0,0,0,0,0,0,0,0,0,0,0,0,0,0,0,0,0,0,0,0,0,0,0,0,0,0,0,0
山东恒邦冶炼股份有限公司,2015,0,0,0,0,0,0,0,1,0,1,0,0,0,0,0,0,0,0,0,0,0,0,0,0,0,0,0,2,0,0,0,0,0,0,0,0,1,0,0,0,1
山西安泰集团股份有限公司,2014,0,0,0,0,1,0,0,0,1,0,0,0,0,0,0,0,0,1,0,0,0,0,0,0,0,0,0,1,0,0,0,0,0,1,0,0,1,0,0,0,1
深圳市全新好股份有限公司,2014,0,0,0,0,1,0,0,0,1,0,0,0,0,0,0,0,0,1,0,0,1,0,0,0,0,0,1,1,0,0,0,0,0,0,0,0,1,0,0,0,1
深圳市全新好股份有限公司,2015,0,1,0,0,0,1,0,0,1,0,0,0,2,0,1,0,0,0,0,0,0,0,0,0,0,0,1,2,0,0,1,0,2,0,0,0,1,0,0,0,1
中科云网科技集团股份有限公司,2014,0,0,0,0,0,1,0,0,0,0,0,0,0,0,0,0,0,1,0,0,1,0,0,0,0,0,0,0,0,0,0,0,0,0,0,0,1,0,0,0,0
北讯集团股份有限公司,2014,0,0,0,0,0,0,0,0,0,0,0,0,0,0,0,0,0,0,0,0,0,0,0,0,0,0,0,0,0,0,0,0,0,0,0,0,1,0,0,0,1
东莞勤上光电股份有限公司,2014,0,0,0,0,0,0,0,0,0,0,0,0,0,0,0,0,0,0,0,0,0,0,0,0,0,0,0,0,0,0,0,0,0,0,0,0,1,0,0,0,1
